t,3 mm,t,5 mm,t,8 mm,t,15 mm
4.97E-08,9.37704,4.97E-08,12.0807,4.97E-08,15.28889,4.97E-08,21.84056
4.97E-08,9.38336,4.97E-08,12.10163,4.97E-08,15.28889,4.97E-08,21.84056
4.97E-08,9.37353,4.97E-08,12.08069,5.47E-08,12.00014,5.47E-08,16.43756
4.97E-08,9.37353,4.97E-08,12.10163,5.47E-08,12.00012,5.47E-08,16.43756
4.97E-08,9.37701,5.47E-08,9.49408,5.97E-08,10.53655,5.97E-08,14.40606
4.97E-08,9.38335,5.47E-08,9.50315,5.97E-08,10.53654,5.97E-08,14.40606
5.47E-08,7.72029,5.47E-08,9.49407,6.47E-08,9.5115,6.47E-08,13.02389
5.47E-08,7.72322,5.47E-08,9.50313,6.47E-08,9.51149,6.47E-08,13.02389
5.47E-08,7.71865,5.97E-08,8.34328,6.97E-08,8.66047,6.97E-08,11.83321
5.47E-08,7.71867,5.97E-08,8.34904,6.97E-08,8.66046,6.97E-08,11.83321
5.47E-08,7.72026,5.97E-08,8.34328,7.47E-08,8.03825,7.47E-08,10.98674
5.47E-08,7.72318,5.97E-08,8.34903,7.47E-08,8.03824,7.47E-08,10.98674
5.97E-08,6.69477,6.47E-08,7.52667,7.97E-08,7.53501,7.97E-08,10.30394
5.97E-08,6.69645,6.47E-08,7.53065,7.97E-08,7.535,7.97E-08,10.30394
5.97E-08,6.69384,6.47E-08,7.52667,8.47E-08,7.11683,8.47E-08,9.74011
5.97E-08,6.69385,6.47E-08,7.53064,8.47E-08,7.11682,8.47E-08,9.74011
5.97E-08,6.69476,6.97E-08,6.86099,8.97E-08,6.75935,8.97E-08,9.26196
5.97E-08,6.69643,6.97E-08,6.864,8.97E-08,6.75935,8.97E-08,9.26196
6.47E-08,5.88738,6.97E-08,6.86098,9.47E-08,6.4463,9.47E-08,8.84721
6.47E-08,5.88855,6.97E-08,6.86399,9.47E-08,6.44629,9.47E-08,8.84721
6.47E-08,5.88672,7.47E-08,6.36561,9.97E-08,6.16642,9.97E-08,8.48052
6.47E-08,5.88673,7.47E-08,6.36803,9.97E-08,6.16642,9.97E-08,8.48052
6.47E-08,5.88737,7.47E-08,6.36561,1.05E-07,5.91176,1.05E-07,8.15093
6.47E-08,5.88854,7.47E-08,6.36802,1.05E-07,5.91176,1.05E-07,8.15093
6.97E-08,5.36186,7.97E-08,5.96307,1.10E-07,5.67653,1.10E-07,7.85047
6.97E-08,5.36276,7.97E-08,5.96508,1.10E-07,5.67653,1.10E-07,7.85047
6.97E-08,5.36136,7.97E-08,5.96307,1.15E-07,5.45649,1.15E-07,7.57314
6.97E-08,5.36137,7.97E-08,5.96507,1.15E-07,5.45649,1.15E-07,7.57314
6.97E-08,5.36185,8.47E-08,5.62599,1.20E-07,5.24847,1.20E-07,7.3144
6.97E-08,5.36275,8.47E-08,5.62768,1.20E-07,5.24847,1.20E-07,7.3144
7.47E-08,4.95915,8.47E-08,5.62599,1.25E-07,5.05015,1.25E-07,7.07075
7.47E-08,4.95987,8.47E-08,5.62768,1.25E-07,5.05014,1.25E-07,7.07074
7.47E-08,4.95875,8.97E-08,5.33511,1.30E-07,4.85978,1.30E-07,6.83946
7.47E-08,4.95875,8.97E-08,5.33656,1.30E-07,4.85978,1.30E-07,6.83946
7.47E-08,4.95914,8.97E-08,5.33511,1.35E-07,4.67615,1.35E-07,6.61842
7.47E-08,4.95986,8.97E-08,5.33656,1.35E-07,4.67615,1.35E-07,6.61842
7.97E-08,4.63431,9.47E-08,5.07759,1.40E-07,4.49838,1.40E-07,6.40598
7.97E-08,4.6349,9.47E-08,5.07884,1.40E-07,4.49838,1.40E-07,6.40598
7.97E-08,4.63397,9.47E-08,5.07759,1.45E-07,4.32591,1.45E-07,6.20086
7.97E-08,4.63397,9.47E-08,5.07884,1.45E-07,4.32591,1.45E-07,6.20086
7.97E-08,4.6343,9.97E-08,4.8457,1.50E-07,4.15839,1.50E-07,6.0021
7.97E-08,4.63489,9.97E-08,4.84462,1.50E-07,4.15839,1.50E-07,6.0021
8.47E-08,4.36067,9.97E-08,4.84462,1.55E-07,3.99564,1.55E-07,5.80898
8.47E-08,4.36117,9.97E-08,4.8457,1.55E-07,3.99564,1.55E-07,5.80898
8.47E-08,4.36039,1.05E-07,4.63095,1.60E-07,3.83761,1.60E-07,5.62098
8.47E-08,4.36039,1.05E-07,4.63095,1.60E-07,3.83761,1.60E-07,5.62098
8.47E-08,4.36066,1.05E-07,4.63001,1.61E-07,3.80648,1.61E-07,5.58385
8.47E-08,4.36116,1.05E-07,4.63001,1.61E-07,3.80648,1.61E-07,5.58385
8.97E-08,4.12197,1.10E-07,4.4294,1.62E-07,3.77561,1.62E-07,5.54699
8.97E-08,4.12173,1.10E-07,4.43021,1.62E-07,3.77561,1.62E-07,5.54699
8.97E-08,4.12174,1.10E-07,4.4294,1.63E-07,3.74494,1.63E-07,5.51034
8.97E-08,4.12196,1.10E-07,4.4302,1.63E-07,3.74494,1.63E-07,5.51034
8.97E-08,4.12238,1.15E-07,4.23965,1.64E-07,3.71447,1.64E-07,5.47388
8.97E-08,4.12239,1.15E-07,4.24035,1.64E-07,3.71447,1.64E-07,5.47388
9.47E-08,3.90779,1.15E-07,4.23965,1.65E-07,3.68419,1.65E-07,5.4376
9.47E-08,3.90815,1.15E-07,4.24034,1.65E-07,3.68419,1.65E-07,5.4376
9.47E-08,3.90759,1.20E-07,4.05858,1.66E-07,3.65412,1.66E-07,5.40151
9.47E-08,3.90759,1.20E-07,4.05918,1.66E-07,3.65412,1.66E-07,5.40151
9.47E-08,3.90779,1.20E-07,4.05857,1.67E-07,3.62424,1.67E-07,5.3656
9.47E-08,3.90814,1.20E-07,4.05917,1.67E-07,3.62424,1.67E-07,5.3656
9.97E-08,3.71126,1.25E-07,3.88467,1.68E-07,3.59455,1.68E-07,5.32987
9.97E-08,3.71157,1.25E-07,3.88518,1.68E-07,3.59455,1.68E-07,5.32987
9.97E-08,3.71109,1.25E-07,3.88466,1.69E-07,3.56506,1.69E-07,5.29432
9.97E-08,3.71109,1.25E-07,3.88517,1.69E-07,3.56506,1.69E-07,5.29432
9.97E-08,3.71126,1.30E-07,3.71693,1.70E-07,3.53577,1.70E-07,5.25895
9.97E-08,3.71156,1.30E-07,3.71737,1.70E-07,3.53577,1.70E-07,5.25895
1.05E-07,3.52779,1.30E-07,3.71693,1.71E-07,3.50667,1.71E-07,5.22375
1.05E-07,3.52804,1.30E-07,3.71736,1.71E-07,3.50667,1.71E-07,5.22375
1.05E-07,3.52764,1.35E-07,3.55477,1.72E-07,3.47777,1.72E-07,5.18872
1.05E-07,3.52764,1.35E-07,3.55513,1.72E-07,3.47777,1.72E-07,5.18872
1.05E-07,3.52778,1.35E-07,3.55477,1.73E-07,3.44907,1.73E-07,5.15387
1.05E-07,3.52803,1.35E-07,3.55513,1.73E-07,3.44907,1.73E-07,5.15387
1.10E-07,3.3543,1.40E-07,3.39786,1.74E-07,3.42057,1.74E-07,5.1192
1.10E-07,3.35452,1.40E-07,3.39817,1.74E-07,3.42057,1.74E-07,5.11919
1.10E-07,3.35418,1.40E-07,3.39786,1.75E-07,3.39227,1.75E-07,5.08469
1.10E-07,3.35419,1.40E-07,3.39816,1.75E-07,3.39227,1.75E-07,5.08469
1.10E-07,3.3543,1.45E-07,3.2461,1.76E-07,3.36417,1.76E-07,5.05036
1.10E-07,3.35451,1.45E-07,3.24635,1.76E-07,3.36417,1.76E-07,5.05036
1.15E-07,3.18884,1.45E-07,3.2461,1.77E-07,3.33627,1.77E-07,5.0162
1.15E-07,3.18902,1.45E-07,3.24635,1.77E-07,3.33627,1.77E-07,5.0162
1.15E-07,3.18874,1.50E-07,3.09949,1.78E-07,3.30857,1.78E-07,4.98222
1.15E-07,3.18874,1.50E-07,3.09949,1.78E-07,3.30857,1.78E-07,4.98222
1.15E-07,3.18884,1.50E-07,3.0997,1.79E-07,3.28107,1.79E-07,4.94841
1.15E-07,3.18901,1.50E-07,3.0997,1.79E-07,3.28107,1.79E-07,4.94841
1.20E-07,3.0302,1.55E-07,2.9583,1.80E-07,3.25378,1.80E-07,4.91477
1.20E-07,3.03034,1.55E-07,2.95813,1.80E-07,3.25378,1.80E-07,4.91477
1.20E-07,3.03011,1.55E-07,2.95813,1.81E-07,3.22669,1.81E-07,4.8813
1.20E-07,3.03011,1.55E-07,2.9583,1.81E-07,3.22669,1.81E-07,4.8813
1.20E-07,3.03019,1.60E-07,2.82215,1.82E-07,3.19981,1.82E-07,4.84801
1.20E-07,3.03034,1.60E-07,2.82229,1.82E-07,3.19981,1.82E-07,4.84801
1.25E-07,2.8777,1.60E-07,2.82215,1.83E-07,3.17313,1.83E-07,4.81489
1.25E-07,2.87782,1.60E-07,2.82228,1.83E-07,3.17313,1.83E-07,4.81489
1.25E-07,2.87763,1.61E-07,2.79552,1.84E-07,3.14666,1.84E-07,4.78195
1.25E-07,2.87763,1.61E-07,2.79565,1.84E-07,3.14666,1.84E-07,4.78195
1.25E-07,2.87769,1.61E-07,2.79552,1.85E-07,3.12039,1.85E-07,4.74918
1.25E-07,2.87781,1.61E-07,2.79565,1.85E-07,3.12039,1.85E-07,4.74918
1.30E-07,2.73107,1.62E-07,2.76929,1.86E-07,3.09433,1.86E-07,4.71658
1.30E-07,2.73117,1.62E-07,2.76916,1.86E-07,3.09433,1.86E-07,4.71658
1.30E-07,2.73101,1.62E-07,2.76916,1.87E-07,3.06848,1.87E-07,4.68416
1.30E-07,2.73101,1.62E-07,2.76928,1.87E-07,3.06848,1.87E-07,4.68416
1.30E-07,2.73106,1.63E-07,2.74304,1.88E-07,3.04283,1.88E-07,4.65191
1.30E-07,2.73116,1.63E-07,2.74316,1.88E-07,3.04284,1.88E-07,4.65191
1.35E-07,2.59032,1.63E-07,2.74304,1.89E-07,3.0174,1.89E-07,4.61985
1.35E-07,2.59025,1.63E-07,2.74315,1.89E-07,3.0174,1.89E-07,4.61985
1.35E-07,2.5902,1.64E-07,2.71715,1.90E-07,2.99217,1.90E-07,4.58795
1.35E-07,2.5902,1.64E-07,2.71726,1.90E-07,2.99217,1.90E-07,4.58795
1.35E-07,2.59024,1.64E-07,2.71715,1.91E-07,2.96714,1.91E-07,4.55624
1.35E-07,2.59033,1.64E-07,2.71726,1.91E-07,2.96714,1.91E-07,4.55624
1.40E-07,2.45532,1.65E-07,2.69148,1.92E-07,2.94233,1.92E-07,4.5247
1.40E-07,2.45528,1.65E-07,2.69148,1.92E-07,2.94233,1.92E-07,4.5247
1.40E-07,2.45529,1.65E-07,2.69159,1.93E-07,2.91772,1.93E-07,4.49334
1.40E-07,2.45532,1.65E-07,2.69159,1.93E-07,2.91772,1.93E-07,4.49334
1.40E-07,2.45538,1.66E-07,2.66605,1.94E-07,2.89332,1.94E-07,4.46216
1.40E-07,2.45538,1.66E-07,2.66615,1.94E-07,2.89332,1.94E-07,4.46216
1.45E-07,2.32643,1.66E-07,2.66605,1.95E-07,2.86913,1.95E-07,4.43116
1.45E-07,2.32648,1.66E-07,2.66615,1.95E-07,2.86913,1.95E-07,4.43116
1.45E-07,2.3264,1.67E-07,2.64084,1.96E-07,2.84515,1.96E-07,4.40034
1.45E-07,2.3264,1.67E-07,2.64094,1.96E-07,2.84515,1.96E-07,4.40034
1.45E-07,2.32643,1.67E-07,2.64084,1.97E-07,2.82137,1.97E-07,4.3697
1.45E-07,2.32647,1.67E-07,2.64093,1.97E-07,2.82138,1.97E-07,4.3697
1.50E-07,2.20371,1.68E-07,2.61585,1.98E-07,2.79781,1.98E-07,4.33924
1.50E-07,2.20375,1.68E-07,2.61595,1.98E-07,2.79781,1.98E-07,4.33924
1.50E-07,2.20369,1.68E-07,2.61585,1.99E-07,2.77445,1.99E-07,4.30897
1.50E-07,2.20369,1.68E-07,2.61595,1.99E-07,2.77445,1.99E-07,4.30897
1.50E-07,2.20371,1.69E-07,2.59119,2.00E-07,2.75129,2.00E-07,4.27887
1.50E-07,2.20375,1.69E-07,2.5911,2.00E-07,2.75129,2.00E-07,4.27887
1.55E-07,2.08727,1.69E-07,2.59119,2.01E-07,2.72835,2.01E-07,4.24896
1.55E-07,2.0873,1.69E-07,2.5911,2.01E-07,2.72835,2.01E-07,4.24896
1.55E-07,2.08725,1.70E-07,2.56657,2.02E-07,2.70561,2.02E-07,4.21923
1.55E-07,2.08725,1.70E-07,2.56666,2.02E-07,2.70561,2.02E-07,4.21923
1.55E-07,2.08727,1.70E-07,2.56657,2.03E-07,2.68307,2.03E-07,4.18969
1.55E-07,2.08729,1.70E-07,2.56665,2.03E-07,2.68307,2.03E-07,4.18969
1.60E-07,1.97715,1.71E-07,2.54235,2.04E-07,2.66074,2.04E-07,4.16032
1.60E-07,1.97717,1.71E-07,2.54227,2.04E-07,2.66074,2.04E-07,4.16032
1.60E-07,1.97713,1.71E-07,2.54227,2.05E-07,2.63862,2.05E-07,4.13115
1.60E-07,1.97713,1.71E-07,2.54235,2.05E-07,2.63862,2.05E-07,4.13115
1.60E-07,1.97714,1.72E-07,2.51819,2.06E-07,2.6167,2.06E-07,4.10216
1.60E-07,1.97716,1.72E-07,2.51827,2.06E-07,2.6167,2.06E-07,4.10216
1.61E-07,1.9558,1.72E-07,2.51819,2.07E-07,2.59498,2.07E-07,4.07335
1.61E-07,1.95582,1.72E-07,2.51827,2.07E-07,2.59498,2.07E-07,4.07335
1.61E-07,1.95579,1.73E-07,2.49435,2.08E-07,2.57346,2.08E-07,4.04473
1.61E-07,1.95579,1.73E-07,2.49442,2.08E-07,2.57346,2.08E-07,4.04473
1.61E-07,1.9558,1.73E-07,2.49435,2.09E-07,2.55215,2.09E-07,4.0163
1.61E-07,1.95582,1.73E-07,2.49442,2.09E-07,2.55215,2.09E-07,4.0163
1.62E-07,1.93474,1.74E-07,2.47073,2.10E-07,2.53104,2.10E-07,3.98805
1.62E-07,1.93476,1.74E-07,2.4708,2.10E-07,2.53104,2.10E-07,3.98805
1.62E-07,1.93472,1.74E-07,2.47073,2.11E-07,2.51013,2.11E-07,3.95999
1.62E-07,1.93473,1.74E-07,2.47079,2.11E-07,2.51013,2.11E-07,3.95999
1.62E-07,1.93473,1.75E-07,2.44733,2.12E-07,2.48941,2.12E-07,3.93211
1.62E-07,1.93475,1.75E-07,2.4474,2.12E-07,2.48941,2.12E-07,3.93211
1.63E-07,1.91394,1.75E-07,2.44733,2.13E-07,2.4689,2.13E-07,3.90443
1.63E-07,1.91396,1.75E-07,2.4474,2.13E-07,2.4689,2.13E-07,3.90443
1.63E-07,1.91393,1.76E-07,2.42417,2.14E-07,2.44858,2.14E-07,3.87693
1.63E-07,1.91393,1.76E-07,2.42423,2.14E-07,2.44859,2.14E-07,3.87693
1.63E-07,1.91394,1.76E-07,2.42417,2.15E-07,2.42847,2.15E-07,3.84961
1.63E-07,1.91395,1.76E-07,2.42423,2.15E-07,2.42847,2.15E-07,3.84961
1.64E-07,1.8934,1.77E-07,2.40123,2.16E-07,2.40854,2.16E-07,3.82249
1.64E-07,1.89342,1.77E-07,2.40129,2.16E-07,2.40854,2.16E-07,3.82249
1.64E-07,1.89339,1.77E-07,2.40123,2.17E-07,2.38881,2.17E-07,3.79555
1.64E-07,1.89339,1.77E-07,2.40129,2.17E-07,2.38882,2.17E-07,3.79555
1.64E-07,1.8934,1.78E-07,2.37852,2.18E-07,2.36928,2.18E-07,3.7688
1.64E-07,1.89341,1.78E-07,2.37857,2.18E-07,2.36928,2.18E-07,3.76881
1.65E-07,1.87312,1.78E-07,2.37852,2.19E-07,2.34994,2.19E-07,3.74224
1.65E-07,1.87313,1.78E-07,2.37857,2.19E-07,2.34994,2.19E-07,3.74224
1.65E-07,1.8731,1.79E-07,2.35603,2.20E-07,2.33079,2.20E-07,3.71587
1.65E-07,1.87311,1.79E-07,2.35609,2.20E-07,2.33079,2.20E-07,3.71587
1.65E-07,1.87311,1.79E-07,2.35603,2.21E-07,2.31183,2.21E-07,3.68969
1.65E-07,1.87313,1.79E-07,2.35608,2.21E-07,2.31183,2.21E-07,3.68969
1.66E-07,1.85309,1.80E-07,2.33377,2.22E-07,2.29306,2.22E-07,3.66369
1.66E-07,1.8531,1.80E-07,2.33382,2.22E-07,2.29306,2.22E-07,3.66369
1.66E-07,1.85307,1.80E-07,2.33377,2.23E-07,2.27448,2.23E-07,3.63788
1.66E-07,1.85308,1.80E-07,2.33382,2.23E-07,2.27448,2.23E-07,3.63788
1.66E-07,1.85308,1.81E-07,2.31174,2.24E-07,2.25608,2.24E-07,3.61226
1.66E-07,1.8531,1.81E-07,2.31179,2.24E-07,2.25608,2.24E-07,3.61226
1.67E-07,1.83331,1.81E-07,2.31173,2.25E-07,2.23787,2.25E-07,3.58682
1.67E-07,1.83332,1.81E-07,2.31178,2.25E-07,2.23787,2.25E-07,3.58682
1.67E-07,1.8333,1.82E-07,2.28993,2.26E-07,2.21985,2.26E-07,3.56157
1.67E-07,1.8333,1.82E-07,2.28997,2.26E-07,2.21985,2.26E-07,3.56157
1.67E-07,1.8333,1.82E-07,2.28993,2.27E-07,2.20201,2.27E-07,3.53651
1.67E-07,1.83332,1.82E-07,2.28997,2.27E-07,2.20201,2.27E-07,3.53651
1.68E-07,1.81378,1.83E-07,2.26834,2.28E-07,2.18435,2.28E-07,3.51164
1.68E-07,1.81379,1.83E-07,2.26839,2.28E-07,2.18435,2.28E-07,3.51164
1.68E-07,1.81377,1.83E-07,2.26834,2.29E-07,2.16687,2.29E-07,3.48695
1.68E-07,1.81377,1.83E-07,2.26838,2.29E-07,2.16687,2.29E-07,3.48695
1.68E-07,1.81377,1.84E-07,2.24698,2.30E-07,2.14957,2.30E-07,3.46245
1.68E-07,1.81379,1.84E-07,2.24702,2.30E-07,2.14957,2.30E-07,3.46245
1.69E-07,1.7945,1.84E-07,2.24698,2.31E-07,2.13245,2.31E-07,3.43813
1.69E-07,1.79451,1.84E-07,2.24702,2.31E-07,2.13245,2.31E-07,3.43813
1.69E-07,1.79449,1.85E-07,2.22584,2.32E-07,2.1155,2.32E-07,3.414
1.69E-07,1.79449,1.85E-07,2.22589,2.32E-07,2.1155,2.32E-07,3.414
1.69E-07,1.79449,1.85E-07,2.22584,2.33E-07,2.09832,2.33E-07,3.38826
1.69E-07,1.79451,1.85E-07,2.22588,2.33E-07,2.09832,2.33E-07,3.38826
1.70E-07,1.77546,1.86E-07,2.20493,2.34E-07,2.08173,2.34E-07,3.36629
1.70E-07,1.77547,1.86E-07,2.20497,2.34E-07,2.08173,2.34E-07,3.36629
1.70E-07,1.77545,1.86E-07,2.20493,2.35E-07,2.06449,2.35E-07,3.34153
1.70E-07,1.77545,1.86E-07,2.20497,2.35E-07,2.06449,2.35E-07,3.34153
1.70E-07,1.77546,1.87E-07,2.18424,2.36E-07,2.04947,2.36E-07,3.31931
1.70E-07,1.77547,1.87E-07,2.18428,2.36E-07,2.04947,2.36E-07,3.31931
1.71E-07,1.75667,1.87E-07,2.18424,2.37E-07,2.03299,2.37E-07,3.29494
1.71E-07,1.75668,1.87E-07,2.18427,2.37E-07,2.03299,2.37E-07,3.29494
1.71E-07,1.75666,1.88E-07,2.16377,2.38E-07,2.01699,2.38E-07,3.27135
1.71E-07,1.75667,1.88E-07,2.1638,2.38E-07,2.01699,2.38E-07,3.27135
1.71E-07,1.75667,1.88E-07,2.16377,2.39E-07,2.00047,2.39E-07,3.25022
1.71E-07,1.75668,1.88E-07,2.1638,2.39E-07,2.00047,2.39E-07,3.25022
1.72E-07,1.73814,1.89E-07,2.14352,2.40E-07,1.98491,2.40E-07,3.22642
1.72E-07,1.73813,1.89E-07,2.14355,2.40E-07,1.98491,2.40E-07,3.22642
1.72E-07,1.73812,1.89E-07,2.14352,2.41E-07,1.97028,2.41E-07,3.20506
1.72E-07,1.73812,1.89E-07,2.14355,2.41E-07,1.97028,2.41E-07,3.20506
1.72E-07,1.73812,1.90E-07,2.12349,2.42E-07,1.95504,2.42E-07,3.1822
1.72E-07,1.73814,1.90E-07,2.12352,2.42E-07,1.95504,2.42E-07,3.1822
1.73E-07,1.71983,1.90E-07,2.12349,2.43E-07,1.93958,2.43E-07,3.16008
1.73E-07,1.71984,1.90E-07,2.12351,2.43E-07,1.93958,2.43E-07,3.16008
1.73E-07,1.71982,1.91E-07,2.10367,2.44E-07,1.92541,2.44E-07,3.13759
1.73E-07,1.71982,1.91E-07,2.1037,2.44E-07,1.92541,2.44E-07,3.13759
1.73E-07,1.71982,1.91E-07,2.10367,2.45E-07,1.90992,2.45E-07,3.11582
1.73E-07,1.71983,1.91E-07,2.1037,2.45E-07,1.90992,2.45E-07,3.11582
1.74E-07,1.70176,1.92E-07,2.08408,2.46E-07,1.89532,2.46E-07,3.0937
1.74E-07,1.70177,1.92E-07,2.08411,2.46E-07,1.89532,2.46E-07,3.0937
1.74E-07,1.70176,1.92E-07,2.08408,2.47E-07,1.8816,2.47E-07,3.07389
1.74E-07,1.70176,1.92E-07,2.0841,2.47E-07,1.8816,2.47E-07,3.07389
1.74E-07,1.70176,1.93E-07,2.0647,2.48E-07,1.86687,2.48E-07,3.05212
1.74E-07,1.70177,1.93E-07,2.06473,2.48E-07,1.86687,2.48E-07,3.05212
1.75E-07,1.68394,1.93E-07,2.0647,2.49E-07,1.85204,2.49E-07,3.03053
1.75E-07,1.68395,1.93E-07,2.06472,2.49E-07,1.85204,2.49E-07,3.03053
1.75E-07,1.68393,1.94E-07,2.04553,2.50E-07,1.83911,2.50E-07,3.00912
1.75E-07,1.68394,1.94E-07,2.04556,2.50E-07,1.83911,2.50E-07,3.00912
1.75E-07,1.68394,1.94E-07,2.04553,2.51E-07,1.82526,2.51E-07,2.9898
1.75E-07,1.68395,1.94E-07,2.04556,2.51E-07,1.82526,2.51E-07,2.9898
1.76E-07,1.66636,1.95E-07,2.02658,2.52E-07,1.81145,2.52E-07,2.96908
1.76E-07,1.66637,1.95E-07,2.02661,2.52E-07,1.81146,2.52E-07,2.96908
1.76E-07,1.66635,1.95E-07,2.02658,2.53E-07,1.79822,2.53E-07,2.94854
1.76E-07,1.66635,1.95E-07,2.02661,2.53E-07,1.79822,2.53E-07,2.94854
1.76E-07,1.66635,1.96E-07,2.00785,2.54E-07,1.78482,2.54E-07,2.92872
1.76E-07,1.66636,1.96E-07,2.00787,2.54E-07,1.78482,2.54E-07,2.92872
1.77E-07,1.64901,1.96E-07,2.00785,2.55E-07,1.77134,2.55E-07,2.90843
1.77E-07,1.64902,1.96E-07,2.00787,2.55E-07,1.77134,2.55E-07,2.90843
1.77E-07,1.649,1.97E-07,1.98932,2.56E-07,1.75848,2.56E-07,2.88889
1.77E-07,1.649,1.97E-07,1.98934,2.56E-07,1.75848,2.56E-07,2.88889
1.77E-07,1.649,1.97E-07,1.98932,2.57E-07,1.74558,2.57E-07,2.86905
1.77E-07,1.64901,1.97E-07,1.98934,2.57E-07,1.74558,2.57E-07,2.86906
1.78E-07,1.63189,1.98E-07,1.97101,2.58E-07,1.7327,2.58E-07,2.84964
1.78E-07,1.6319,1.98E-07,1.97103,2.58E-07,1.7327,2.58E-07,2.84964
1.78E-07,1.63189,1.98E-07,1.97101,2.59E-07,1.72009,2.59E-07,2.83026
1.78E-07,1.63189,1.98E-07,1.97102,2.59E-07,1.7201,2.59E-07,2.83026
1.78E-07,1.63189,1.99E-07,1.9529,2.60E-07,1.70754,2.60E-07,2.8109
1.78E-07,1.6319,1.99E-07,1.95292,2.60E-07,1.70754,2.60E-07,2.8109
1.79E-07,1.61501,1.99E-07,1.9529,2.61E-07,1.69512,2.61E-07,2.79192
1.79E-07,1.61502,1.99E-07,1.95292,2.61E-07,1.69512,2.61E-07,2.79192
1.79E-07,1.61501,2.00E-07,1.935,2.62E-07,1.68272,2.62E-07,2.7728
1.79E-07,1.61501,2.00E-07,1.93502,2.62E-07,1.68272,2.62E-07,2.7728
1.79E-07,1.61501,2.00E-07,1.935,2.63E-07,1.67091,2.63E-07,2.75429
1.79E-07,1.61502,2.00E-07,1.93502,2.63E-07,1.67091,2.63E-07,2.75429
1.80E-07,1.59836,2.01E-07,1.91731,2.64E-07,1.65892,2.64E-07,2.73549
1.80E-07,1.59837,2.01E-07,1.91733,2.64E-07,1.65892,2.64E-07,2.73549
1.80E-07,1.59835,2.01E-07,1.91731,2.65E-07,1.64708,2.65E-07,2.71703
1.80E-07,1.59836,2.01E-07,1.91732,2.65E-07,1.64708,2.65E-07,2.71704
1.80E-07,1.59836,2.02E-07,1.89982,2.66E-07,1.6353,2.66E-07,2.69884
1.80E-07,1.59836,2.02E-07,1.89984,2.66E-07,1.6353,2.66E-07,2.69884
1.81E-07,1.58194,2.02E-07,1.89982,2.67E-07,1.62382,2.67E-07,2.68084
1.81E-07,1.58195,2.02E-07,1.89984,2.67E-07,1.62382,2.67E-07,2.68084
1.81E-07,1.58193,2.03E-07,1.88254,2.68E-07,1.6124,2.68E-07,2.66302
1.81E-07,1.58194,2.03E-07,1.88255,2.68E-07,1.6124,2.68E-07,2.66302
1.81E-07,1.58194,2.03E-07,1.88254,2.69E-07,1.60101,2.69E-07,2.64522
1.81E-07,1.58194,2.03E-07,1.88255,2.69E-07,1.60101,2.69E-07,2.64522
1.82E-07,1.56575,2.04E-07,1.86546,2.70E-07,1.58971,2.70E-07,2.62779
1.82E-07,1.56575,2.04E-07,1.86547,2.70E-07,1.58971,2.70E-07,2.6278
1.82E-07,1.56574,2.04E-07,1.86546,2.71E-07,1.57885,2.71E-07,2.61033
1.82E-07,1.56574,2.04E-07,1.86547,2.71E-07,1.57885,2.71E-07,2.61033
1.82E-07,1.56574,2.05E-07,1.84858,2.72E-07,1.56787,2.72E-07,2.59291
1.82E-07,1.56575,2.05E-07,1.84859,2.72E-07,1.56787,2.72E-07,2.59291
1.83E-07,1.54978,2.05E-07,1.84858,2.73E-07,1.5572,2.73E-07,2.57577
1.83E-07,1.54978,2.05E-07,1.84859,2.73E-07,1.5572,2.73E-07,2.57577
1.83E-07,1.54977,2.06E-07,1.83189,2.74E-07,1.54633,2.74E-07,2.55884
1.83E-07,1.54978,2.06E-07,1.83191,2.74E-07,1.54633,2.74E-07,2.55884
1.83E-07,1.54978,2.06E-07,1.83189,2.75E-07,1.53589,2.75E-07,2.54172
1.83E-07,1.54978,2.06E-07,1.8319,2.75E-07,1.53589,2.75E-07,2.54172
1.84E-07,1.53404,2.07E-07,1.81541,2.76E-07,1.52559,2.76E-07,2.52511
1.84E-07,1.53404,2.07E-07,1.81542,2.76E-07,1.5256,2.76E-07,2.52511
1.84E-07,1.53403,2.07E-07,1.81541,2.77E-07,1.51522,2.77E-07,2.50838
1.84E-07,1.53403,2.07E-07,1.81542,2.77E-07,1.51522,2.77E-07,2.50838
1.84E-07,1.53403,2.08E-07,1.79912,2.78E-07,1.50495,2.78E-07,2.49196
1.84E-07,1.53404,2.08E-07,1.79913,2.78E-07,1.50495,2.78E-07,2.49196
1.85E-07,1.51851,2.08E-07,1.79912,2.79E-07,1.49507,2.79E-07,2.476
1.85E-07,1.51852,2.08E-07,1.79913,2.79E-07,1.49507,2.79E-07,2.476
1.85E-07,1.51851,2.09E-07,1.78303,2.80E-07,1.48494,2.80E-07,2.45966
1.85E-07,1.51851,2.09E-07,1.78304,2.80E-07,1.48494,2.80E-07,2.45966
1.85E-07,1.51851,2.09E-07,1.78303,2.81E-07,1.47522,2.81E-07,2.4437
1.85E-07,1.51852,2.09E-07,1.78304,2.81E-07,1.47522,2.81E-07,2.4437
1.86E-07,1.50321,2.10E-07,1.76713,2.82E-07,1.4655,2.82E-07,2.42792
1.86E-07,1.50322,2.10E-07,1.76714,2.82E-07,1.4655,2.82E-07,2.42792
1.86E-07,1.50321,2.10E-07,1.76713,2.83E-07,1.45598,2.83E-07,2.41194
1.86E-07,1.50321,2.10E-07,1.76714,2.83E-07,1.45598,2.83E-07,2.41195
1.86E-07,1.50321,2.11E-07,1.75142,2.84E-07,1.44646,2.84E-07,2.39674
1.86E-07,1.50322,2.11E-07,1.75143,2.84E-07,1.44646,2.84E-07,2.39674
1.87E-07,1.48813,2.11E-07,1.75142,2.85E-07,1.43723,2.85E-07,2.381
1.87E-07,1.48814,2.11E-07,1.75143,2.85E-07,1.43723,2.85E-07,2.381
1.87E-07,1.48813,2.12E-07,1.7359,2.86E-07,1.42804,2.86E-07,2.3657
1.87E-07,1.48813,2.12E-07,1.73591,2.86E-07,1.42804,2.86E-07,2.3657
1.87E-07,1.48813,2.12E-07,1.7359,2.87E-07,1.4188,2.87E-07,2.35083
1.87E-07,1.48814,2.12E-07,1.73591,2.87E-07,1.4188,2.87E-07,2.35083
1.88E-07,1.47327,2.13E-07,1.72057,2.88E-07,1.4099,2.88E-07,2.3355
1.88E-07,1.47327,2.13E-07,1.72058,2.88E-07,1.4099,2.88E-07,2.3355
1.88E-07,1.47327,2.13E-07,1.72057,2.89E-07,1.40084,2.89E-07,2.32068
1.88E-07,1.47327,2.13E-07,1.72058,2.89E-07,1.40084,2.89E-07,2.32068
1.88E-07,1.47327,2.14E-07,1.70543,2.90E-07,1.39219,2.90E-07,2.3059
1.88E-07,1.47327,2.14E-07,1.70544,2.90E-07,1.39219,2.90E-07,2.3059
1.89E-07,1.45862,2.14E-07,1.70543,2.91E-07,1.38355,2.91E-07,2.29132
1.89E-07,1.45863,2.14E-07,1.70544,2.91E-07,1.38355,2.91E-07,2.29132
1.89E-07,1.45862,2.15E-07,1.69047,2.92E-07,1.37498,2.92E-07,2.27701
1.89E-07,1.45862,2.15E-07,1.69048,2.92E-07,1.37498,2.92E-07,2.27701
1.89E-07,1.45862,2.15E-07,1.69047,2.93E-07,1.36649,2.93E-07,2.26267
1.89E-07,1.45862,2.15E-07,1.69048,2.93E-07,1.36649,2.93E-07,2.26267
1.90E-07,1.44419,2.16E-07,1.6757,2.94E-07,1.35818,2.94E-07,2.2483
1.90E-07,1.44419,2.16E-07,1.67571,2.94E-07,1.35818,2.94E-07,2.2483
1.90E-07,1.44418,2.16E-07,1.6757,2.95E-07,1.3499,2.95E-07,2.23415
1.90E-07,1.44419,2.16E-07,1.67571,2.95E-07,1.3499,2.95E-07,2.23415
1.90E-07,1.44419,2.17E-07,1.66111,2.96E-07,1.34171,2.96E-07,2.22034
1.90E-07,1.44419,2.17E-07,1.66112,2.96E-07,1.34171,2.96E-07,2.22035
1.91E-07,1.42997,2.17E-07,1.66111,2.97E-07,1.33364,2.97E-07,2.20631
1.91E-07,1.42997,2.17E-07,1.66111,2.97E-07,1.33364,2.97E-07,2.20631
1.91E-07,1.42996,2.18E-07,1.6467,2.98E-07,1.32562,2.98E-07,2.19274
1.91E-07,1.42996,2.18E-07,1.64671,2.98E-07,1.32562,2.98E-07,2.19274
1.91E-07,1.42996,2.18E-07,1.6467,2.99E-07,1.31782,2.99E-07,2.17904
1.91E-07,1.42997,2.18E-07,1.64671,2.99E-07,1.31783,2.99E-07,2.17904
1.92E-07,1.41596,2.19E-07,1.63247,3.00E-07,1.31024,3.00E-07,2.1656
1.92E-07,1.41596,2.19E-07,1.63248,3.00E-07,1.31024,3.00E-07,2.16561
1.92E-07,1.41595,2.19E-07,1.63247,3.01E-07,1.3025,3.01E-07,2.15237
1.92E-07,1.41595,2.19E-07,1.63248,3.01E-07,1.3025,3.01E-07,2.15237
1.92E-07,1.41595,2.20E-07,1.61842,3.02E-07,1.29505,3.02E-07,2.13902
1.92E-07,1.41596,2.20E-07,1.61843,3.02E-07,1.29505,3.02E-07,2.13902
1.93E-07,1.40215,2.20E-07,1.61842,3.03E-07,1.28755,3.03E-07,2.12599
1.93E-07,1.40216,2.20E-07,1.61842,3.03E-07,1.28755,3.03E-07,2.12599
1.93E-07,1.40215,2.21E-07,1.60455,3.04E-07,1.28013,3.04E-07,2.11297
1.93E-07,1.40215,2.21E-07,1.60455,3.04E-07,1.28013,3.04E-07,2.11297
1.93E-07,1.40215,2.21E-07,1.60455,3.05E-07,1.27287,3.05E-07,2.10006
1.93E-07,1.40215,2.21E-07,1.60455,3.05E-07,1.27287,3.05E-07,2.10006
1.94E-07,1.38856,2.22E-07,1.59085,3.06E-07,1.25997,3.06E-07,2.08722
1.94E-07,1.38856,2.22E-07,1.59085,3.06E-07,1.25997,3.06E-07,2.08722
1.94E-07,1.38856,2.22E-07,1.59085,3.07E-07,1.22851,3.07E-07,2.07447
1.94E-07,1.38856,2.22E-07,1.59085,3.07E-07,1.22851,3.07E-07,2.07447
1.94E-07,1.38856,2.23E-07,1.57732,3.08E-07,1.18636,3.08E-07,2.06194
1.94E-07,1.38856,2.23E-07,1.57732,3.08E-07,1.18636,3.08E-07,2.06194
1.95E-07,1.37517,2.23E-07,1.57732,3.09E-07,1.16492,3.09E-07,2.04956
1.95E-07,1.37517,2.23E-07,1.57732,3.09E-07,1.16492,3.09E-07,2.04956
1.95E-07,1.37517,2.24E-07,1.56397,3.10E-07,1.15059,3.10E-07,2.03737
1.95E-07,1.37517,2.24E-07,1.56397,3.10E-07,1.15059,3.10E-07,2.03737
1.95E-07,1.37517,2.24E-07,1.56397,3.11E-07,1.13916,3.11E-07,2.025
1.95E-07,1.37517,2.24E-07,1.56397,3.11E-07,1.13916,3.11E-07,2.025
1.96E-07,1.36198,2.25E-07,1.55078,3.12E-07,1.129,3.12E-07,2.01304
1.96E-07,1.36199,2.25E-07,1.55079,3.12E-07,1.129,3.12E-07,2.01304
1.96E-07,1.36198,2.25E-07,1.55078,3.13E-07,1.11977,3.13E-07,2.0012
1.96E-07,1.36198,2.25E-07,1.55079,3.13E-07,1.11977,3.13E-07,2.0012
1.96E-07,1.36198,2.26E-07,1.53777,3.14E-07,1.11114,3.14E-07,1.98926
1.96E-07,1.36199,2.26E-07,1.53777,3.14E-07,1.11114,3.14E-07,1.98926
1.97E-07,1.349,2.26E-07,1.53777,3.15E-07,1.10298,3.15E-07,1.97758
1.97E-07,1.34901,2.26E-07,1.53777,3.15E-07,1.10298,3.15E-07,1.97758
1.97E-07,1.349,2.27E-07,1.52493,3.16E-07,1.09522,3.16E-07,1.96582
1.97E-07,1.349,2.27E-07,1.52493,3.16E-07,1.09522,3.16E-07,1.96583
1.97E-07,1.349,2.27E-07,1.52493,3.17E-07,1.08774,3.17E-07,1.95425
1.97E-07,1.349,2.27E-07,1.52493,3.17E-07,1.08774,3.17E-07,1.95425
1.98E-07,1.33622,2.28E-07,1.51225,3.18E-07,1.08048,3.18E-07,1.94273
1.98E-07,1.33622,2.28E-07,1.51225,3.18E-07,1.08048,3.18E-07,1.94273
1.98E-07,1.33622,2.28E-07,1.51225,3.19E-07,1.0734,3.19E-07,1.93159
1.98E-07,1.33622,2.28E-07,1.51225,3.19E-07,1.0734,3.19E-07,1.93159
1.98E-07,1.33622,2.29E-07,1.49973,3.20E-07,1.06645,3.20E-07,1.92035
1.98E-07,1.33622,2.29E-07,1.49974,3.20E-07,1.06645,3.20E-07,1.92035
1.99E-07,1.32364,2.29E-07,1.49973,3.21E-07,1.05961,3.21E-07,1.90928
1.99E-07,1.32364,2.29E-07,1.49973,3.21E-07,1.05961,3.21E-07,1.90928
1.99E-07,1.32364,2.30E-07,1.48738,3.22E-07,1.05286,3.22E-07,1.89806
1.99E-07,1.32364,2.30E-07,1.48739,3.22E-07,1.05286,3.22E-07,1.89806
1.99E-07,1.32364,2.30E-07,1.48738,3.23E-07,1.04618,3.23E-07,1.88731
1.99E-07,1.32364,2.30E-07,1.48739,3.23E-07,1.04618,3.23E-07,1.88731
2.00E-07,1.31126,2.31E-07,1.4752,3.24E-07,1.03954,3.24E-07,1.87647
2.00E-07,1.31126,2.31E-07,1.4752,3.24E-07,1.03954,3.24E-07,1.87648
2.00E-07,1.31125,2.31E-07,1.4752,3.25E-07,1.03294,3.25E-07,1.86576
2.00E-07,1.31126,2.31E-07,1.4752,3.25E-07,1.03294,3.25E-07,1.86576
2.00E-07,1.31126,2.32E-07,1.46317,3.26E-07,1.02635,3.26E-07,1.8552
2.00E-07,1.31126,2.32E-07,1.46317,3.26E-07,1.02635,3.26E-07,1.8552
2.01E-07,1.29907,2.32E-07,1.46317,3.27E-07,1.01976,3.27E-07,1.84449
2.01E-07,1.29907,2.32E-07,1.46317,3.27E-07,1.01976,3.27E-07,1.84449
2.01E-07,1.29907,2.33E-07,1.45071,3.28E-07,1.01316,3.28E-07,1.83402
2.01E-07,1.29907,2.33E-07,1.45072,3.28E-07,1.01316,3.28E-07,1.83402
2.01E-07,1.29907,2.33E-07,1.45071,3.29E-07,1.00654,3.29E-07,1.8237
2.01E-07,1.29907,2.33E-07,1.45071,3.29E-07,1.00654,3.29E-07,1.8237
2.02E-07,1.28708,2.34E-07,1.43901,3.30E-07,0.99987,3.30E-07,1.81365
2.02E-07,1.28708,2.34E-07,1.43901,3.30E-07,0.99987,3.30E-07,1.81365
2.02E-07,1.28708,2.34E-07,1.43901,3.31E-07,0.99315,3.31E-07,1.80351
2.02E-07,1.28708,2.34E-07,1.43901,3.31E-07,0.99315,3.31E-07,1.80351
2.02E-07,1.28708,2.35E-07,1.42747,3.32E-07,0.98636,3.32E-07,1.79338
2.02E-07,1.28708,2.35E-07,1.42747,3.32E-07,0.98636,3.32E-07,1.79337
2.03E-07,1.27528,2.35E-07,1.42747,3.33E-07,0.97948,3.33E-07,1.78337
2.03E-07,1.27529,2.35E-07,1.42747,3.33E-07,0.97948,3.33E-07,1.78337
2.03E-07,1.27528,2.36E-07,1.41608,3.34E-07,0.9725,3.34E-07,1.77368
2.03E-07,1.27528,2.36E-07,1.41609,3.34E-07,0.9725,3.34E-07,1.77369
2.03E-07,1.27528,2.36E-07,1.41608,3.35E-07,0.96539,3.35E-07,1.76399
2.03E-07,1.27528,2.36E-07,1.41608,3.35E-07,0.96539,3.35E-07,1.76399
2.04E-07,1.26368,2.37E-07,1.40485,3.36E-07,0.95812,3.36E-07,1.7541
2.04E-07,1.26368,2.37E-07,1.40485,3.36E-07,0.95812,3.36E-07,1.7541
2.04E-07,1.26368,2.37E-07,1.40485,3.37E-07,0.95068,3.37E-07,1.74465
2.04E-07,1.26368,2.37E-07,1.40485,3.37E-07,0.95068,3.37E-07,1.74465
2.04E-07,1.26368,2.38E-07,1.39377,3.38E-07,0.94301,3.38E-07,1.73518
2.04E-07,1.26368,2.38E-07,1.39378,3.38E-07,0.94301,3.38E-07,1.73518
2.05E-07,1.25227,2.38E-07,1.39377,3.39E-07,0.93509,3.39E-07,1.72579
2.05E-07,1.25227,2.38E-07,1.39377,3.39E-07,0.93509,3.39E-07,1.72579
2.05E-07,1.25227,2.39E-07,1.38258,3.40E-07,0.92684,3.40E-07,1.71641
2.05E-07,1.25227,2.39E-07,1.38258,3.40E-07,0.92684,3.40E-07,1.71641
2.05E-07,1.25227,2.39E-07,1.38258,3.41E-07,0.91821,3.41E-07,1.70712
2.05E-07,1.25227,2.39E-07,1.38258,3.41E-07,0.91821,3.41E-07,1.70712
2.06E-07,1.24105,2.40E-07,1.37181,3.42E-07,0.90909,3.42E-07,1.69808
2.06E-07,1.24105,2.40E-07,1.37181,3.42E-07,0.90909,3.42E-07,1.69808
2.06E-07,1.24105,2.40E-07,1.37181,3.43E-07,0.89934,3.43E-07,1.68913
2.06E-07,1.24105,2.40E-07,1.37181,3.43E-07,0.89934,3.43E-07,1.68913
2.06E-07,1.24105,2.41E-07,1.36119,3.44E-07,0.88875,3.44E-07,1.68014
2.06E-07,1.24105,2.41E-07,1.36119,3.44E-07,0.88875,3.44E-07,1.68014
2.07E-07,1.23002,2.41E-07,1.36119,3.45E-07,0.87697,3.45E-07,1.67125
2.07E-07,1.23002,2.41E-07,1.36119,3.45E-07,0.87697,3.45E-07,1.67126
2.07E-07,1.23001,2.42E-07,1.3515,3.46E-07,0.86332,3.46E-07,1.6623
2.07E-07,1.23001,2.42E-07,1.3515,3.46E-07,0.86332,3.46E-07,1.6623
2.07E-07,1.23001,2.42E-07,1.3515,3.47E-07,0.84627,3.47E-07,1.65379
2.07E-07,1.23002,2.42E-07,1.3515,3.47E-07,0.84627,3.47E-07,1.65379
2.08E-07,1.21917,2.43E-07,1.34116,3.48E-07,0.81967,3.48E-07,1.64513
2.08E-07,1.21917,2.43E-07,1.34117,3.48E-07,0.81967,3.48E-07,1.64513
2.08E-07,1.21917,2.43E-07,1.34116,3.49E-07,0.76112,3.49E-07,1.63645
2.08E-07,1.21917,2.43E-07,1.34116,3.49E-07,0.76112,3.49E-07,1.63645
2.08E-07,1.21917,2.44E-07,1.33098,3.50E-07,0.73287,3.50E-07,1.62801
2.08E-07,1.21917,2.44E-07,1.33098,3.50E-07,0.73287,3.50E-07,1.62801
2.09E-07,1.20852,2.44E-07,1.33098,3.51E-07,0.72911,3.51E-07,1.61976
2.09E-07,1.20852,2.44E-07,1.33098,3.51E-07,0.72911,3.51E-07,1.61976
2.09E-07,1.20851,2.45E-07,1.32094,3.52E-07,0.72755,3.52E-07,1.61144
2.09E-07,1.20851,2.45E-07,1.32094,3.52E-07,0.72755,3.52E-07,1.61144
2.09E-07,1.20851,2.45E-07,1.32094,3.53E-07,0.72617,3.53E-07,1.60321
2.09E-07,1.20852,2.45E-07,1.32094,3.53E-07,0.72617,3.53E-07,1.60321
2.10E-07,1.19804,2.46E-07,1.3108,3.54E-07,0.72487,3.54E-07,1.59506
2.10E-07,1.19805,2.46E-07,1.3108,3.54E-07,0.72487,3.54E-07,1.59506
2.10E-07,1.19804,2.46E-07,1.3108,3.55E-07,0.72362,3.55E-07,1.587
2.10E-07,1.19804,2.46E-07,1.3108,3.55E-07,0.72362,3.55E-07,1.587
2.10E-07,1.19804,2.47E-07,1.30081,3.56E-07,0.7224,3.56E-07,1.57893
2.10E-07,1.19805,2.47E-07,1.30081,3.56E-07,0.7224,3.56E-07,1.57893
2.11E-07,1.18776,2.47E-07,1.30081,3.57E-07,0.72119,3.57E-07,1.57093
2.11E-07,1.18776,2.47E-07,1.30081,3.57E-07,0.72119,3.57E-07,1.57093
2.11E-07,1.18776,2.48E-07,1.2912,3.58E-07,0.72001,3.58E-07,1.56321
2.11E-07,1.18776,2.48E-07,1.29121,3.58E-07,0.72001,3.58E-07,1.56321
2.11E-07,1.18776,2.48E-07,1.2912,3.59E-07,0.71884,3.59E-07,1.5555
2.11E-07,1.18776,2.48E-07,1.2912,3.59E-07,0.71884,3.59E-07,1.5555
2.12E-07,1.17766,2.49E-07,1.28221,3.60E-07,0.71768,3.60E-07,1.54774
2.12E-07,1.17766,2.49E-07,1.28221,3.60E-07,0.71768,3.60E-07,1.54774
2.12E-07,1.17766,2.49E-07,1.28221,3.61E-07,0.71654,3.61E-07,1.54013
2.12E-07,1.17766,2.49E-07,1.28221,3.61E-07,0.71654,3.61E-07,1.54013
2.12E-07,1.17766,2.50E-07,1.27266,3.62E-07,0.71541,3.62E-07,1.53259
2.12E-07,1.17766,2.50E-07,1.27266,3.62E-07,0.71541,3.62E-07,1.53259
2.13E-07,1.16774,2.50E-07,1.27266,3.63E-07,0.71429,3.63E-07,1.52517
2.13E-07,1.16774,2.50E-07,1.27266,3.63E-07,0.71429,3.63E-07,1.52517
2.13E-07,1.16774,2.51E-07,1.26357,3.64E-07,0.71318,3.64E-07,1.51776
2.13E-07,1.16774,2.51E-07,1.26357,3.64E-07,0.71318,3.64E-07,1.51776
2.13E-07,1.16774,2.51E-07,1.26357,3.65E-07,0.71209,3.65E-07,1.51042
2.13E-07,1.16774,2.51E-07,1.26357,3.65E-07,0.71209,3.65E-07,1.51042
2.14E-07,1.15801,2.52E-07,1.25457,3.66E-07,0.71101,3.66E-07,1.5032
2.14E-07,1.15801,2.52E-07,1.25457,3.66E-07,0.71101,3.66E-07,1.5032
2.14E-07,1.15801,2.52E-07,1.25457,3.67E-07,0.70994,3.67E-07,1.49589
2.14E-07,1.15801,2.52E-07,1.25457,3.67E-07,0.70994,3.67E-07,1.49589
2.14E-07,1.15801,2.53E-07,1.2456,3.68E-07,0.70889,3.68E-07,1.48891
2.14E-07,1.15801,2.53E-07,1.2456,3.68E-07,0.70889,3.68E-07,1.48891
2.15E-07,1.14846,2.53E-07,1.2456,3.69E-07,0.70785,3.69E-07,1.4819
2.15E-07,1.14846,2.53E-07,1.2456,3.69E-07,0.70785,3.69E-07,1.4819
2.15E-07,1.14845,2.54E-07,1.23696,3.70E-07,0.70682,3.70E-07,1.47486
2.15E-07,1.14845,2.54E-07,1.23696,3.70E-07,0.70682,3.70E-07,1.47486
2.15E-07,1.14845,2.54E-07,1.23696,3.71E-07,0.70581,3.71E-07,1.46793
2.15E-07,1.14846,2.54E-07,1.23696,3.71E-07,0.70581,3.71E-07,1.46793
2.16E-07,1.13908,2.55E-07,1.22825,3.72E-07,0.70481,3.72E-07,1.46106
2.16E-07,1.13909,2.55E-07,1.22825,3.72E-07,0.70481,3.72E-07,1.46106
2.16E-07,1.13908,2.55E-07,1.22825,3.73E-07,0.70383,3.73E-07,1.45439
2.16E-07,1.13908,2.55E-07,1.22825,3.73E-07,0.70383,3.73E-07,1.45439
2.16E-07,1.13908,2.56E-07,1.21978,3.74E-07,0.70286,3.74E-07,1.44759
2.16E-07,1.13908,2.56E-07,1.21978,3.74E-07,0.70286,3.74E-07,1.44759
2.17E-07,1.12989,2.56E-07,1.21978,3.75E-07,0.70191,3.75E-07,1.44108
2.17E-07,1.12989,2.56E-07,1.21978,3.75E-07,0.70191,3.75E-07,1.44108
2.17E-07,1.12989,2.57E-07,1.21128,3.76E-07,0.70097,3.76E-07,1.43441
2.17E-07,1.12989,2.57E-07,1.21128,3.76E-07,0.70097,3.76E-07,1.43441
2.17E-07,1.12989,2.57E-07,1.21128,3.77E-07,0.70005,3.77E-07,1.42746
2.17E-07,1.12989,2.57E-07,1.21128,3.77E-07,0.70005,3.77E-07,1.42746
2.18E-07,1.12088,2.58E-07,1.20315,3.78E-07,0.69915,3.78E-07,1.41572
2.18E-07,1.12088,2.58E-07,1.20315,3.78E-07,0.69915,3.78E-07,1.41572
2.18E-07,1.12088,2.58E-07,1.20315,3.79E-07,0.69825,3.79E-07,1.39331
2.18E-07,1.12088,2.58E-07,1.20315,3.79E-07,0.69825,3.79E-07,1.39331
2.18E-07,1.12088,2.59E-07,1.19499,3.80E-07,0.69738,3.80E-07,1.35841
2.18E-07,1.12088,2.59E-07,1.195,3.80E-07,0.69738,3.80E-07,1.35841
2.19E-07,1.11205,2.59E-07,1.19499,3.81E-07,0.69652,3.81E-07,1.32775
2.19E-07,1.11205,2.59E-07,1.19499,3.81E-07,0.69652,3.81E-07,1.32775
2.19E-07,1.11205,2.60E-07,1.18705,3.82E-07,0.69568,3.82E-07,1.30958
2.19E-07,1.11205,2.60E-07,1.18705,3.82E-07,0.69568,3.82E-07,1.30958
2.19E-07,1.11205,2.60E-07,1.18705,3.83E-07,0.69486,3.83E-07,1.29596
2.19E-07,1.11205,2.60E-07,1.18705,3.83E-07,0.69486,3.83E-07,1.29596
2.20E-07,1.1034,2.61E-07,1.17921,3.84E-07,0.69405,3.84E-07,1.28496
2.20E-07,1.10339,2.61E-07,1.17921,3.84E-07,0.69405,3.84E-07,1.28496
2.20E-07,1.10339,2.61E-07,1.17921,3.85E-07,0.69326,3.85E-07,1.27502
2.20E-07,1.10339,2.61E-07,1.17921,3.85E-07,0.69326,3.85E-07,1.27502
2.20E-07,1.10339,2.62E-07,1.17157,3.86E-07,0.69249,3.86E-07,1.26612
2.20E-07,1.10339,2.62E-07,1.17158,3.86E-07,0.69249,3.86E-07,1.26612
2.21E-07,1.09492,2.62E-07,1.17157,3.87E-07,0.69174,3.87E-07,1.2577
2.21E-07,1.09492,2.62E-07,1.17157,3.87E-07,0.69174,3.87E-07,1.2577
2.21E-07,1.09492,2.63E-07,1.16396,3.88E-07,0.69101,3.88E-07,1.24979
2.21E-07,1.09492,2.63E-07,1.16397,3.88E-07,0.69101,3.88E-07,1.24979
2.21E-07,1.09492,2.63E-07,1.16396,3.89E-07,0.69029,3.89E-07,1.2422
2.21E-07,1.09492,2.63E-07,1.16396,3.89E-07,0.69029,3.89E-07,1.2422
2.22E-07,1.08662,2.64E-07,1.15605,3.90E-07,0.6896,3.90E-07,1.23497
2.22E-07,1.08662,2.64E-07,1.15605,3.90E-07,0.6896,3.90E-07,1.23497
2.22E-07,1.08662,2.64E-07,1.15605,3.91E-07,0.68892,3.91E-07,1.22797
2.22E-07,1.08662,2.64E-07,1.15605,3.91E-07,0.68892,3.91E-07,1.22797
2.22E-07,1.08662,2.65E-07,1.13257,3.92E-07,0.68827,3.92E-07,1.22113
2.22E-07,1.08662,2.65E-07,1.13255,3.92E-07,0.68827,3.92E-07,1.22113
2.23E-07,1.07849,2.65E-07,1.13257,3.93E-07,0.68763,3.93E-07,1.21461
2.23E-07,1.0785,2.65E-07,1.13255,3.93E-07,0.68763,3.93E-07,1.21461
2.23E-07,1.07849,2.66E-07,1.08458,3.94E-07,0.68702,3.94E-07,1.20822
2.23E-07,1.07849,2.66E-07,1.08451,3.94E-07,0.68702,3.94E-07,1.20822
2.23E-07,1.07849,2.66E-07,1.08458,3.95E-07,0.68642,3.95E-07,1.20188
2.23E-07,1.07849,2.66E-07,1.08451,3.95E-07,0.68642,3.95E-07,1.20188
2.24E-07,1.07055,2.67E-07,1.06096,3.96E-07,0.68585,3.96E-07,1.19561
2.24E-07,1.07055,2.67E-07,1.06092,3.96E-07,0.68585,3.96E-07,1.19561
2.24E-07,1.07055,2.67E-07,1.06096,3.97E-07,0.6853,3.97E-07,1.18949
2.24E-07,1.07055,2.67E-07,1.06092,3.97E-07,0.6853,3.97E-07,1.18949
2.24E-07,1.07055,2.68E-07,1.04612,3.98E-07,0.68478,3.98E-07,1.18346
2.24E-07,1.07055,2.68E-07,1.0461,3.98E-07,0.68478,3.98E-07,1.18346
2.25E-07,1.06277,2.68E-07,1.04612,3.99E-07,0.68427,3.99E-07,1.1775
2.25E-07,1.06278,2.68E-07,1.0461,3.99E-07,0.68427,3.99E-07,1.1775
2.25E-07,1.06277,2.69E-07,1.03476,4.00E-07,0.68379,4.00E-07,1.1716
2.25E-07,1.06277,2.69E-07,1.03474,4.00E-07,0.68379,4.00E-07,1.1716
2.25E-07,1.06277,2.69E-07,1.03476,4.01E-07,0.68333,4.01E-07,1.16577
2.25E-07,1.06278,2.69E-07,1.03474,4.01E-07,0.68333,4.01E-07,1.16577
2.26E-07,1.05518,2.70E-07,1.02472,4.02E-07,0.6829,4.02E-07,1.15998
2.26E-07,1.05518,2.70E-07,1.02471,4.02E-07,0.6829,4.02E-07,1.15998
2.26E-07,1.05518,2.70E-07,1.02472,4.03E-07,0.68249,4.03E-07,1.15421
2.26E-07,1.05518,2.70E-07,1.02471,4.03E-07,0.68249,4.03E-07,1.15421
2.26E-07,1.05518,2.71E-07,1.01557,4.04E-07,0.6821,4.04E-07,1.14851
2.26E-07,1.05518,2.71E-07,1.01558,4.04E-07,0.6821,4.04E-07,1.14851
2.27E-07,1.04521,2.71E-07,1.01557,4.05E-07,0.68174,4.05E-07,1.14284
2.27E-07,1.04521,2.71E-07,1.01558,4.05E-07,0.68174,4.05E-07,1.14284
2.27E-07,1.04521,2.72E-07,1.00713,4.06E-07,0.68141,4.06E-07,1.13717
2.27E-07,1.04521,2.72E-07,1.00712,4.06E-07,0.68141,4.06E-07,1.13717
2.27E-07,1.04521,2.72E-07,1.00713,4.07E-07,0.68111,4.07E-07,1.13155
2.27E-07,1.04521,2.72E-07,1.00712,4.07E-07,0.68111,4.07E-07,1.13155
2.28E-07,1.00053,2.73E-07,0.99912,4.08E-07,0.68083,4.08E-07,1.12595
2.28E-07,1.00052,2.73E-07,0.99912,4.08E-07,0.68083,4.08E-07,1.12595
2.28E-07,1.00053,2.73E-07,0.99912,4.09E-07,0.68058,4.09E-07,1.12037
2.28E-07,1.00053,2.73E-07,0.99911,4.09E-07,0.68058,4.09E-07,1.12037
2.28E-07,1.00052,2.74E-07,0.99134,4.10E-07,0.68035,4.10E-07,1.11479
2.28E-07,1.00051,2.74E-07,0.99133,4.10E-07,0.68035,4.10E-07,1.11479
2.29E-07,0.9637,2.74E-07,0.99134,4.11E-07,0.68016,4.11E-07,1.10923
2.29E-07,0.96368,2.74E-07,0.99133,4.11E-07,0.68016,4.11E-07,1.10923
2.29E-07,0.96371,2.75E-07,0.98389,4.12E-07,0.67999,4.12E-07,1.10366
2.29E-07,0.96371,2.75E-07,0.98388,4.12E-07,0.67999,4.12E-07,1.10366
2.29E-07,0.9637,2.75E-07,0.98389,4.13E-07,0.67986,4.13E-07,1.09808
2.29E-07,0.96368,2.75E-07,0.98388,4.13E-07,0.67986,4.13E-07,1.09808
2.30E-07,0.94128,2.76E-07,0.9766,4.14E-07,0.67976,4.14E-07,1.0925
2.30E-07,0.94126,2.76E-07,0.9766,4.14E-07,0.67976,4.14E-07,1.0925
2.30E-07,0.94128,2.76E-07,0.9766,4.15E-07,0.67969,4.15E-07,1.0869
2.30E-07,0.94129,2.76E-07,0.9766,4.15E-07,0.67969,4.15E-07,1.0869
2.30E-07,0.94128,2.77E-07,0.96944,4.16E-07,0.67965,4.16E-07,1.0813
2.30E-07,0.94126,2.77E-07,0.96944,4.16E-07,0.67965,4.16E-07,1.0813
2.31E-07,0.92719,2.77E-07,0.96944,4.17E-07,0.67964,4.17E-07,1.07567
2.31E-07,0.92718,2.77E-07,0.96944,4.17E-07,0.67964,4.17E-07,1.07567
2.31E-07,0.9272,2.78E-07,0.96236,4.18E-07,0.67967,4.18E-07,1.07001
2.31E-07,0.9272,2.78E-07,0.96235,4.18E-07,0.67967,4.18E-07,1.07001
2.31E-07,0.92719,2.78E-07,0.96236,4.19E-07,0.67974,4.19E-07,1.06433
2.31E-07,0.92718,2.78E-07,0.96235,4.19E-07,0.67974,4.19E-07,1.06433
2.32E-07,0.91618,2.79E-07,0.95531,4.20E-07,0.67984,4.20E-07,1.0586
2.32E-07,0.91618,2.79E-07,0.95531,4.20E-07,0.67984,4.20E-07,1.0586
2.32E-07,0.91618,2.79E-07,0.95531,4.21E-07,0.67997,4.21E-07,1.05284
2.32E-07,0.91619,2.79E-07,0.95531,4.21E-07,0.67997,4.21E-07,1.05284
2.32E-07,0.91618,2.80E-07,0.94828,4.22E-07,0.68015,4.22E-07,1.04702
2.32E-07,0.91618,2.80E-07,0.94827,4.22E-07,0.68015,4.22E-07,1.04702
2.33E-07,0.90742,2.80E-07,0.94828,4.23E-07,0.68036,4.23E-07,1.04115
2.33E-07,0.90742,2.80E-07,0.94827,4.23E-07,0.68036,4.23E-07,1.04115
2.33E-07,0.90742,2.81E-07,0.94122,4.24E-07,0.68061,4.24E-07,1.03521
2.33E-07,0.90742,2.81E-07,0.94122,4.24E-07,0.68061,4.24E-07,1.03521
2.33E-07,0.90742,2.81E-07,0.94122,4.25E-07,0.68091,4.25E-07,1.0292
2.33E-07,0.90742,2.81E-07,0.94122,4.25E-07,0.68091,4.25E-07,1.0292
2.34E-07,0.89977,2.82E-07,0.93412,4.26E-07,0.68124,4.26E-07,1.02311
2.34E-07,0.89977,2.82E-07,0.93411,4.26E-07,0.68124,4.26E-07,1.02311
2.34E-07,0.89977,2.82E-07,0.93412,4.27E-07,0.68162,4.27E-07,1.01692
2.34E-07,0.89977,2.82E-07,0.93411,4.27E-07,0.68162,4.27E-07,1.01692
2.34E-07,0.89977,2.83E-07,0.92693,4.28E-07,0.68205,4.28E-07,1.01063
2.34E-07,0.89977,2.83E-07,0.92693,4.28E-07,0.68205,4.28E-07,1.01063
2.35E-07,0.89257,2.83E-07,0.92693,4.29E-07,0.68364,4.29E-07,1.00421
2.35E-07,0.89257,2.83E-07,0.92693,4.29E-07,0.68364,4.29E-07,1.00421
2.35E-07,0.89257,2.84E-07,0.91963,4.30E-07,0.68652,4.30E-07,0.99765
2.35E-07,0.89258,2.84E-07,0.91963,4.30E-07,0.68652,4.30E-07,0.99765
2.35E-07,0.89257,2.84E-07,0.91963,4.31E-07,0.68949,4.31E-07,0.99093
2.35E-07,0.89257,2.84E-07,0.91963,4.31E-07,0.68949,4.31E-07,0.99093
2.36E-07,0.88558,2.85E-07,0.91218,4.32E-07,0.69251,4.32E-07,0.98402
2.36E-07,0.88558,2.85E-07,0.91218,4.32E-07,0.69251,4.32E-07,0.98402
2.36E-07,0.88558,2.85E-07,0.91218,4.33E-07,0.69558,4.33E-07,0.97688
2.36E-07,0.88558,2.85E-07,0.91218,4.33E-07,0.69558,4.33E-07,0.97688
2.36E-07,0.88558,2.86E-07,0.90454,4.34E-07,0.69872,4.34E-07,0.96948
2.36E-07,0.88558,2.86E-07,0.90454,4.34E-07,0.69872,4.34E-07,0.96948
2.37E-07,0.87868,2.86E-07,0.90454,4.35E-07,0.70191,4.35E-07,0.96177
2.37E-07,0.87868,2.86E-07,0.90454,4.35E-07,0.70191,4.35E-07,0.96177
2.37E-07,0.87868,2.87E-07,0.89666,4.36E-07,0.70516,4.36E-07,0.95366
2.37E-07,0.87868,2.87E-07,0.89667,4.36E-07,0.70516,4.36E-07,0.95366
2.37E-07,0.87868,2.87E-07,0.89667,4.37E-07,0.70848,4.37E-07,0.94507
2.37E-07,0.87867,2.87E-07,0.89666,4.37E-07,0.70848,4.37E-07,0.94507
2.38E-07,0.87177,2.88E-07,0.88849,4.38E-07,0.71187,4.38E-07,0.93583
2.38E-07,0.87177,2.88E-07,0.88849,4.38E-07,0.71187,4.38E-07,0.93583
2.38E-07,0.87177,2.88E-07,0.88849,4.39E-07,0.71532,4.39E-07,0.92572
2.38E-07,0.87177,2.88E-07,0.88849,4.39E-07,0.71532,4.39E-07,0.92572
2.38E-07,0.87177,2.89E-07,0.87994,4.40E-07,0.71886,4.40E-07,0.91434
2.38E-07,0.87177,2.89E-07,0.87994,4.40E-07,0.71886,4.40E-07,0.91434
2.39E-07,0.8648,2.89E-07,0.87994,4.41E-07,0.72247,4.41E-07,0.90087
2.39E-07,0.8648,2.89E-07,0.87994,4.41E-07,0.72247,4.41E-07,0.90087
2.39E-07,0.8648,2.90E-07,0.87092,4.42E-07,0.72616,4.42E-07,0.8831
2.39E-07,0.8648,2.90E-07,0.87091,4.42E-07,0.72616,4.42E-07,0.8831
2.39E-07,0.8648,2.90E-07,0.87092,4.43E-07,0.72994,4.43E-07,0.85043
2.39E-07,0.8648,2.90E-07,0.87091,4.43E-07,0.72994,4.43E-07,0.85043
2.40E-07,0.8577,2.91E-07,0.86127,4.44E-07,0.73382,4.44E-07,0.80919
2.40E-07,0.8577,2.91E-07,0.86127,4.44E-07,0.73382,4.44E-07,0.80919
2.40E-07,0.8577,2.91E-07,0.86127,4.45E-07,0.73779,4.45E-07,0.78563
2.40E-07,0.8577,2.91E-07,0.86127,4.45E-07,0.73779,4.45E-07,0.78563
2.40E-07,0.8577,2.92E-07,0.85081,4.46E-07,0.74187,4.46E-07,0.77684
2.40E-07,0.8577,2.92E-07,0.8508,4.46E-07,0.74187,4.46E-07,0.77684
2.41E-07,0.85041,2.92E-07,0.85081,4.47E-07,0.74607,4.47E-07,0.7743
2.41E-07,0.85041,2.92E-07,0.8508,4.47E-07,0.74607,4.47E-07,0.7743
2.41E-07,0.85041,2.93E-07,0.83918,4.48E-07,0.75038,4.48E-07,0.7724
2.41E-07,0.85041,2.93E-07,0.83917,4.48E-07,0.75038,4.48E-07,0.7724
2.41E-07,0.85041,2.93E-07,0.83918,4.49E-07,0.75483,4.49E-07,0.77065
2.41E-07,0.85041,2.93E-07,0.83917,4.49E-07,0.75483,4.49E-07,0.77065
2.42E-07,0.84285,2.94E-07,0.82577,4.50E-07,0.75943,4.50E-07,0.769
2.42E-07,0.84284,2.94E-07,0.82576,4.50E-07,0.75943,4.50E-07,0.769
2.42E-07,0.84284,2.94E-07,0.82577,4.51E-07,0.76421,4.51E-07,0.76741
2.42E-07,0.84285,2.94E-07,0.82576,4.51E-07,0.76421,4.51E-07,0.76741
2.42E-07,0.84284,2.95E-07,0.80924,4.52E-07,0.76925,4.52E-07,0.76586
2.42E-07,0.84284,2.95E-07,0.80923,4.52E-07,0.76925,4.52E-07,0.76586
2.43E-07,0.83493,2.95E-07,0.80924,4.53E-07,0.77448,4.53E-07,0.76435
2.43E-07,0.83493,2.95E-07,0.80923,4.53E-07,0.77448,4.53E-07,0.76435
2.43E-07,0.83493,2.96E-07,0.78493,4.54E-07,0.77979,4.54E-07,0.76286
2.43E-07,0.83493,2.96E-07,0.78496,4.54E-07,0.77979,4.54E-07,0.76286
2.43E-07,0.83493,2.96E-07,0.78496,4.55E-07,0.78524,4.55E-07,0.7614
2.43E-07,0.83492,2.96E-07,0.78493,4.55E-07,0.78524,4.55E-07,0.7614
2.44E-07,0.82654,2.97E-07,0.72098,4.56E-07,0.79083,4.56E-07,0.75995
2.44E-07,0.82654,2.97E-07,0.72091,4.56E-07,0.79083,4.56E-07,0.75995
2.44E-07,0.82654,2.97E-07,0.72098,4.57E-07,0.79661,4.57E-07,0.75853
2.44E-07,0.82654,2.97E-07,0.72091,4.57E-07,0.79661,4.57E-07,0.75853
2.44E-07,0.82654,2.98E-07,0.69146,4.58E-07,0.80259,4.58E-07,0.75712
2.44E-07,0.82653,2.98E-07,0.69143,4.58E-07,0.80259,4.58E-07,0.75712
2.45E-07,0.81752,2.98E-07,0.69146,4.59E-07,0.80881,4.59E-07,0.75572
2.45E-07,0.81752,2.98E-07,0.69143,4.59E-07,0.80881,4.59E-07,0.75572
2.45E-07,0.81752,2.99E-07,0.69003,4.60E-07,0.81533,4.60E-07,0.75434
2.45E-07,0.81752,2.99E-07,0.69002,4.60E-07,0.81533,4.60E-07,0.75434
2.45E-07,0.81752,2.99E-07,0.69003,4.61E-07,0.82223,4.61E-07,0.75297
2.45E-07,0.81752,2.99E-07,0.69002,4.61E-07,0.82223,4.61E-07,0.75297
2.46E-07,0.80765,3.00E-07,0.68929,4.62E-07,0.82973,4.62E-07,0.75161
2.46E-07,0.80765,3.00E-07,0.68928,4.62E-07,0.82973,4.62E-07,0.75161
2.46E-07,0.80765,3.00E-07,0.68929,4.63E-07,0.83731,4.63E-07,0.75026
2.46E-07,0.80765,3.00E-07,0.68928,4.63E-07,0.83731,4.63E-07,0.75026
2.46E-07,0.80765,3.01E-07,0.68865,4.64E-07,0.84437,4.64E-07,0.74893
2.46E-07,0.80765,3.01E-07,0.68865,4.64E-07,0.84437,4.64E-07,0.74893
2.47E-07,0.79657,3.01E-07,0.68865,4.65E-07,0.85127,4.65E-07,0.74761
2.47E-07,0.79657,3.01E-07,0.68865,4.65E-07,0.85127,4.65E-07,0.74761
2.47E-07,0.79657,3.02E-07,0.68805,4.66E-07,0.85807,4.66E-07,0.74629
2.47E-07,0.79657,3.02E-07,0.68805,4.66E-07,0.85807,4.66E-07,0.74629
2.47E-07,0.79657,3.02E-07,0.68805,4.67E-07,0.86481,4.67E-07,0.74499
2.47E-07,0.79656,3.02E-07,0.68805,4.67E-07,0.86481,4.67E-07,0.74499
2.48E-07,0.78363,3.03E-07,0.68747,4.68E-07,0.87148,4.68E-07,0.7437
2.48E-07,0.78363,3.03E-07,0.68747,4.68E-07,0.87148,4.68E-07,0.7437
2.48E-07,0.78363,3.03E-07,0.68747,4.69E-07,0.87809,4.69E-07,0.74242
2.48E-07,0.78363,3.03E-07,0.68747,4.69E-07,0.87809,4.69E-07,0.74242
2.48E-07,0.78363,3.04E-07,0.68691,4.70E-07,0.88463,4.70E-07,0.74114
2.48E-07,0.78362,3.04E-07,0.68691,4.70E-07,0.88463,4.70E-07,0.74114
2.49E-07,0.76744,3.04E-07,0.68691,4.71E-07,0.89109,4.71E-07,0.73988
2.49E-07,0.76744,3.04E-07,0.68691,4.71E-07,0.89109,4.71E-07,0.73988
2.49E-07,0.76745,3.05E-07,0.68637,4.72E-07,0.89745,4.72E-07,0.73863
2.49E-07,0.76745,3.05E-07,0.68637,4.72E-07,0.89745,4.72E-07,0.73863
2.49E-07,0.76744,3.05E-07,0.68637,4.73E-07,0.90367,4.73E-07,0.73738
2.49E-07,0.76744,3.05E-07,0.68637,4.73E-07,0.90367,4.73E-07,0.73738
2.50E-07,0.74355,3.06E-07,0.68584,4.74E-07,0.9097,4.74E-07,0.73615
2.50E-07,0.74354,3.06E-07,0.68584,4.74E-07,0.9097,4.74E-07,0.73615
2.50E-07,0.74355,3.06E-07,0.68584,4.75E-07,0.91548,4.75E-07,0.73493
2.50E-07,0.74356,3.06E-07,0.68584,4.75E-07,0.91548,4.75E-07,0.73493
2.50E-07,0.74355,3.07E-07,0.68533,4.76E-07,0.92082,4.76E-07,0.73371
2.50E-07,0.74354,3.07E-07,0.68533,4.76E-07,0.92082,4.76E-07,0.73371
2.51E-07,0.66832,3.07E-07,0.68533,4.77E-07,0.92576,4.77E-07,0.73251
2.51E-07,0.6683,3.07E-07,0.68533,4.77E-07,0.92576,4.77E-07,0.73251
2.51E-07,0.66833,3.08E-07,0.68483,4.78E-07,0.93057,4.78E-07,0.73131
2.51E-07,0.66834,3.08E-07,0.68483,4.78E-07,0.93057,4.78E-07,0.73131
2.51E-07,0.66832,3.08E-07,0.68483,4.79E-07,0.93511,4.79E-07,0.73012
2.51E-07,0.66829,3.08E-07,0.68483,4.79E-07,0.93511,4.79E-07,0.73012
2.52E-07,0.64628,3.09E-07,0.68436,4.80E-07,0.93942,4.80E-07,0.72895
2.52E-07,0.64627,3.09E-07,0.68436,4.80E-07,0.93942,4.80E-07,0.72895
2.52E-07,0.64628,3.09E-07,0.68436,4.81E-07,0.94362,4.81E-07,0.72778
2.52E-07,0.64628,3.09E-07,0.68436,4.81E-07,0.94362,4.81E-07,0.72778
2.52E-07,0.64628,3.10E-07,0.6839,4.82E-07,0.9476,4.82E-07,0.72662
2.52E-07,0.64627,3.10E-07,0.6839,4.82E-07,0.9476,4.82E-07,0.72662
2.53E-07,0.65105,3.10E-07,0.6839,4.83E-07,0.95147,4.83E-07,0.72547
2.53E-07,0.65105,3.10E-07,0.6839,4.83E-07,0.95147,4.83E-07,0.72547
2.53E-07,0.65105,3.11E-07,0.68347,4.84E-07,0.95512,4.84E-07,0.72433
2.53E-07,0.65105,3.11E-07,0.68347,4.84E-07,0.95512,4.84E-07,0.72433
2.53E-07,0.65105,3.11E-07,0.68347,4.85E-07,0.95868,4.85E-07,0.7232
2.53E-07,0.65105,3.11E-07,0.68347,4.85E-07,0.95868,4.85E-07,0.7232
2.54E-07,0.65477,3.12E-07,0.68306,4.86E-07,0.96211,4.86E-07,0.72207
2.54E-07,0.65477,3.12E-07,0.68306,4.86E-07,0.96211,4.86E-07,0.72207
2.54E-07,0.65477,3.12E-07,0.68306,4.87E-07,0.96544,4.87E-07,0.72096
2.54E-07,0.65477,3.12E-07,0.68306,4.87E-07,0.96544,4.87E-07,0.72096
2.54E-07,0.65477,3.13E-07,0.68267,4.88E-07,0.96861,4.88E-07,0.71986
2.54E-07,0.65477,3.13E-07,0.68267,4.88E-07,0.96861,4.88E-07,0.71986
2.55E-07,0.65622,3.13E-07,0.68267,4.89E-07,0.97169,4.89E-07,0.71876
2.55E-07,0.65623,3.13E-07,0.68267,4.89E-07,0.97169,4.89E-07,0.71876
2.55E-07,0.65622,3.14E-07,0.68231,4.90E-07,0.97465,4.90E-07,0.71767
2.55E-07,0.65622,3.14E-07,0.68231,4.90E-07,0.97465,4.90E-07,0.71767
2.55E-07,0.65622,3.14E-07,0.68231,4.91E-07,0.97757,4.91E-07,0.7166
2.55E-07,0.65622,3.14E-07,0.68231,4.91E-07,0.97757,4.91E-07,0.7166
2.56E-07,0.65739,3.15E-07,0.68198,4.92E-07,0.9803,4.92E-07,0.71553
2.56E-07,0.65739,3.15E-07,0.68198,4.92E-07,0.9803,4.92E-07,0.71553
2.56E-07,0.65739,3.15E-07,0.68198,4.93E-07,0.983,4.93E-07,0.71447
2.56E-07,0.65739,3.15E-07,0.68198,4.93E-07,0.983,4.93E-07,0.71447
2.56E-07,0.65739,3.16E-07,0.68168,4.94E-07,0.98555,4.94E-07,0.71342
2.56E-07,0.65739,3.16E-07,0.68168,4.94E-07,0.98555,4.94E-07,0.71342
2.57E-07,0.65848,3.16E-07,0.68168,4.95E-07,0.98804,4.95E-07,0.71237
2.57E-07,0.65848,3.16E-07,0.68168,4.95E-07,0.98804,4.95E-07,0.71237
2.57E-07,0.65848,3.17E-07,0.6814,4.96E-07,0.99045,4.96E-07,0.71134
2.57E-07,0.65848,3.17E-07,0.68141,4.96E-07,0.99045,4.96E-07,0.71134
2.57E-07,0.65848,3.17E-07,0.6814,4.97E-07,0.99281,4.97E-07,0.71032
2.57E-07,0.65848,3.17E-07,0.68141,4.97E-07,0.99281,4.97E-07,0.71032
2.58E-07,0.65955,3.18E-07,0.68116,4.98E-07,0.99506,4.98E-07,0.7093
2.58E-07,0.65955,3.18E-07,0.68116,4.98E-07,0.99506,4.98E-07,0.7093
2.58E-07,0.65955,3.18E-07,0.68116,4.99E-07,0.9972,4.99E-07,0.70829
2.58E-07,0.65955,3.18E-07,0.68116,4.99E-07,0.9972,4.99E-07,0.70829
2.58E-07,0.65955,3.19E-07,0.68095,5.00E-07,0.99933,5.00E-07,0.7073
2.58E-07,0.65955,3.19E-07,0.68095,5.00E-07,0.99933,5.00E-07,0.7073
2.59E-07,0.66063,3.19E-07,0.68095,5.01E-07,1.00132,5.01E-07,0.70631
2.59E-07,0.66063,3.19E-07,0.68095,5.01E-07,1.00132,5.01E-07,0.70631
2.59E-07,0.66063,3.20E-07,0.68078,5.02E-07,1.00329,5.02E-07,0.70533
2.59E-07,0.66063,3.20E-07,0.68078,5.02E-07,1.00329,5.02E-07,0.70533
2.59E-07,0.66063,3.20E-07,0.68078,5.03E-07,1.00515,5.03E-07,0.70436
2.59E-07,0.66063,3.20E-07,0.68078,5.03E-07,1.00515,5.03E-07,0.70436
2.60E-07,0.66174,3.21E-07,0.68063,5.04E-07,1.00698,5.04E-07,0.7034
2.60E-07,0.66174,3.21E-07,0.68064,5.04E-07,1.00698,5.04E-07,0.7034
2.60E-07,0.66174,3.21E-07,0.68063,5.05E-07,1.00874,5.05E-07,0.70244
2.60E-07,0.66174,3.21E-07,0.68064,5.05E-07,1.00874,5.05E-07,0.70244
2.60E-07,0.66174,3.22E-07,0.68053,5.06E-07,1.01043,5.06E-07,0.7015
2.60E-07,0.66174,3.22E-07,0.68053,5.06E-07,1.01043,5.06E-07,0.7015
2.61E-07,0.66289,3.22E-07,0.68053,5.07E-07,1.0121,5.07E-07,0.70056
2.61E-07,0.6629,3.22E-07,0.68053,5.07E-07,1.0121,5.07E-07,0.70056
2.61E-07,0.66289,3.23E-07,0.68046,5.08E-07,1.01366,5.08E-07,0.69964
2.61E-07,0.66289,3.23E-07,0.68047,5.08E-07,1.01366,5.08E-07,0.69964
2.61E-07,0.66289,3.23E-07,0.68046,5.09E-07,1.01517,5.09E-07,0.69872
2.61E-07,0.6629,3.23E-07,0.68047,5.09E-07,1.01517,5.09E-07,0.69872
2.62E-07,0.6641,3.24E-07,0.68044,5.10E-07,1.01666,5.10E-07,0.69781
2.62E-07,0.6641,3.24E-07,0.68044,5.10E-07,1.01666,5.10E-07,0.69781
2.62E-07,0.6641,3.24E-07,0.68044,5.11E-07,1.01805,5.11E-07,0.69691
2.62E-07,0.6641,3.24E-07,0.68044,5.11E-07,1.01805,5.11E-07,0.69691
2.62E-07,0.6641,3.25E-07,0.68045,5.12E-07,1.01944,5.12E-07,0.69602
2.62E-07,0.6641,3.25E-07,0.68046,5.12E-07,1.01944,5.12E-07,0.69602
2.63E-07,0.66536,3.25E-07,0.68045,5.13E-07,1.02076,5.13E-07,0.69514
2.63E-07,0.66536,3.25E-07,0.68046,5.13E-07,1.02076,5.13E-07,0.69514
2.63E-07,0.66536,3.26E-07,0.68051,5.14E-07,1.02202,5.14E-07,0.69427
2.63E-07,0.66536,3.26E-07,0.68051,5.14E-07,1.02202,5.14E-07,0.69427
2.63E-07,0.66536,3.26E-07,0.68051,5.15E-07,1.02325,5.15E-07,0.69341
2.63E-07,0.66536,3.26E-07,0.68051,5.15E-07,1.02325,5.15E-07,0.69341
2.64E-07,0.66669,3.27E-07,0.68061,5.16E-07,1.02442,5.16E-07,0.69256
2.64E-07,0.6667,3.27E-07,0.68062,5.16E-07,1.02442,5.16E-07,0.69256
2.64E-07,0.66669,3.27E-07,0.68061,5.17E-07,1.02556,5.17E-07,0.69171
2.64E-07,0.66669,3.27E-07,0.68062,5.17E-07,1.02556,5.17E-07,0.69171
2.64E-07,0.66669,3.28E-07,0.68076,5.18E-07,1.02663,5.18E-07,0.69088
2.64E-07,0.6667,3.28E-07,0.68077,5.18E-07,1.02663,5.18E-07,0.69088
2.65E-07,0.66811,3.28E-07,0.68076,5.19E-07,1.02771,5.19E-07,0.69005
2.65E-07,0.66811,3.28E-07,0.68077,5.19E-07,1.02771,5.19E-07,0.69005
2.65E-07,0.66811,3.29E-07,0.68096,5.20E-07,1.02869,5.20E-07,0.68923
2.65E-07,0.66811,3.29E-07,0.68096,5.20E-07,1.02869,5.20E-07,0.68923
2.65E-07,0.66811,3.29E-07,0.68096,5.21E-07,1.02968,5.21E-07,0.68843
2.65E-07,0.66811,3.29E-07,0.68096,5.21E-07,1.02968,5.21E-07,0.68843
2.66E-07,0.66962,3.30E-07,0.68121,5.22E-07,1.03061,5.22E-07,0.68763
2.66E-07,0.66962,3.30E-07,0.68121,5.22E-07,1.03061,5.22E-07,0.68763
2.66E-07,0.66962,3.30E-07,0.68121,5.23E-07,1.03152,5.23E-07,0.68684
2.66E-07,0.66962,3.30E-07,0.68121,5.23E-07,1.03152,5.23E-07,0.68684
2.66E-07,0.66962,3.31E-07,0.68151,5.24E-07,1.03237,5.24E-07,0.68606
2.66E-07,0.66962,3.31E-07,0.68151,5.24E-07,1.03237,5.24E-07,0.68606
2.67E-07,0.67123,3.31E-07,0.68151,5.25E-07,1.0332,5.25E-07,0.68529
2.67E-07,0.67123,3.31E-07,0.68151,5.25E-07,1.0332,5.25E-07,0.68529
2.67E-07,0.67123,3.32E-07,0.68186,5.26E-07,1.03399,5.26E-07,0.68453
2.67E-07,0.67123,3.32E-07,0.68187,5.26E-07,1.03399,5.26E-07,0.68453
2.67E-07,0.67123,3.32E-07,0.68186,5.27E-07,1.03475,5.27E-07,0.68378
2.67E-07,0.67123,3.32E-07,0.68187,5.27E-07,1.03475,5.27E-07,0.68378
2.68E-07,0.67294,3.33E-07,0.68227,5.28E-07,1.0355,5.28E-07,0.68304
2.68E-07,0.67294,3.33E-07,0.68228,5.28E-07,1.0355,5.28E-07,0.68304
2.68E-07,0.67294,3.33E-07,0.68227,5.29E-07,1.0362,5.29E-07,0.6823
2.68E-07,0.67294,3.33E-07,0.68228,5.29E-07,1.0362,5.29E-07,0.6823
2.68E-07,0.67294,3.34E-07,0.68274,5.30E-07,1.03688,5.30E-07,0.68158
2.68E-07,0.67294,3.34E-07,0.68275,5.30E-07,1.03688,5.30E-07,0.68158
2.69E-07,0.67476,3.34E-07,0.68274,5.31E-07,1.03752,5.31E-07,0.68087
2.69E-07,0.67476,3.34E-07,0.68275,5.31E-07,1.03752,5.31E-07,0.68087
2.69E-07,0.67476,3.35E-07,0.68328,5.32E-07,1.03813,5.32E-07,0.68016
2.69E-07,0.67476,3.35E-07,0.68328,5.32E-07,1.03813,5.32E-07,0.68016
2.69E-07,0.67476,3.35E-07,0.68328,5.33E-07,1.03873,5.33E-07,0.67947
2.69E-07,0.67476,3.35E-07,0.68328,5.33E-07,1.03873,5.33E-07,0.67947
2.70E-07,0.6767,3.36E-07,0.68387,5.34E-07,1.03929,5.34E-07,0.67879
2.70E-07,0.67671,3.36E-07,0.68388,5.34E-07,1.03929,5.34E-07,0.67879
2.70E-07,0.6767,3.36E-07,0.68387,5.35E-07,1.03983,5.35E-07,0.67811
2.70E-07,0.6767,3.36E-07,0.68388,5.35E-07,1.03983,5.35E-07,0.67811
2.70E-07,0.6767,3.37E-07,0.68453,5.36E-07,1.04034,5.36E-07,0.67745
2.70E-07,0.67671,3.37E-07,0.68454,5.36E-07,1.04034,5.36E-07,0.67745
2.71E-07,0.67878,3.37E-07,0.68453,5.37E-07,1.04082,5.37E-07,0.67679
2.71E-07,0.67878,3.37E-07,0.68454,5.37E-07,1.04082,5.37E-07,0.67679
2.71E-07,0.67877,3.38E-07,0.68527,5.38E-07,1.04129,5.38E-07,0.67614
2.71E-07,0.67877,3.38E-07,0.68527,5.38E-07,1.04129,5.38E-07,0.67614
2.71E-07,0.67878,3.38E-07,0.68527,5.39E-07,1.04173,5.39E-07,0.67551
2.71E-07,0.67878,3.38E-07,0.68527,5.39E-07,1.04173,5.39E-07,0.67551
2.72E-07,0.68099,3.39E-07,0.68607,5.40E-07,1.04215,5.40E-07,0.67488
2.72E-07,0.68099,3.39E-07,0.68608,5.40E-07,1.04215,5.40E-07,0.67488
2.72E-07,0.68099,3.39E-07,0.68607,5.41E-07,1.04255,5.41E-07,0.67427
2.72E-07,0.68099,3.39E-07,0.68608,5.41E-07,1.04255,5.41E-07,0.67427
2.72E-07,0.68099,3.40E-07,0.68696,5.42E-07,1.04293,5.42E-07,0.67366
2.72E-07,0.68099,3.40E-07,0.68696,5.42E-07,1.04293,5.42E-07,0.67366
2.73E-07,0.68335,3.40E-07,0.68696,5.43E-07,1.04328,5.43E-07,0.67307
2.73E-07,0.68335,3.40E-07,0.68696,5.43E-07,1.04328,5.43E-07,0.67307
2.73E-07,0.68335,3.41E-07,0.68792,5.44E-07,1.04362,5.44E-07,0.67248
2.73E-07,0.68335,3.41E-07,0.68792,5.44E-07,1.04362,5.44E-07,0.67248
2.73E-07,0.68335,3.41E-07,0.68792,5.45E-07,1.04393,5.45E-07,0.6719
2.73E-07,0.68335,3.41E-07,0.68792,5.45E-07,1.04393,5.45E-07,0.6719
2.74E-07,0.68588,3.42E-07,0.68896,5.46E-07,1.04422,5.46E-07,0.67134
2.74E-07,0.68588,3.42E-07,0.68897,5.46E-07,1.04422,5.46E-07,0.67134
2.74E-07,0.68587,3.42E-07,0.68896,5.47E-07,1.04449,5.47E-07,0.67078
2.74E-07,0.68587,3.42E-07,0.68897,5.47E-07,1.04449,5.47E-07,0.67078
2.74E-07,0.68588,3.43E-07,0.6901,5.48E-07,1.04474,5.48E-07,0.67024
2.74E-07,0.68588,3.43E-07,0.6901,5.48E-07,1.04474,5.48E-07,0.67024
2.75E-07,0.68857,3.43E-07,0.6901,5.49E-07,1.04497,5.49E-07,0.6697
2.75E-07,0.68858,3.43E-07,0.6901,5.49E-07,1.04497,5.49E-07,0.6697
2.75E-07,0.68857,3.44E-07,0.69133,5.50E-07,1.04517,5.50E-07,0.66918
2.75E-07,0.68857,3.44E-07,0.69133,5.50E-07,1.04517,5.50E-07,0.66918
2.75E-07,0.68857,3.44E-07,0.69133,5.51E-07,1.04534,5.51E-07,0.66867
2.75E-07,0.68858,3.44E-07,0.69133,5.52E-07,1.04548,5.51E-07,0.66867
2.76E-07,0.69146,3.45E-07,0.69265,5.53E-07,1.04556,5.52E-07,0.66816
2.76E-07,0.69147,3.45E-07,0.69265,5.54E-07,1.04555,5.52E-07,0.66816
2.76E-07,0.69146,3.45E-07,0.69265,5.55E-07,1.04101,5.53E-07,0.66767
2.76E-07,0.69146,3.45E-07,0.69265,5.55E-07,1.04101,5.53E-07,0.66767
2.76E-07,0.69146,3.46E-07,0.69408,5.56E-07,1.02338,5.54E-07,0.66719
2.76E-07,0.69147,3.46E-07,0.69408,5.56E-07,1.02338,5.54E-07,0.66719
2.77E-07,0.69456,3.46E-07,0.69408,,,5.55E-07,0.66672
2.77E-07,0.69456,3.46E-07,0.69408,,,5.55E-07,0.66672
2.77E-07,0.69456,3.47E-07,0.69561,,,5.56E-07,0.66626
2.77E-07,0.69456,3.47E-07,0.69562,,,5.56E-07,0.66626
2.77E-07,0.69456,3.47E-07,0.69561,,,5.57E-07,0.66581
2.77E-07,0.69456,3.47E-07,0.69562,,,5.57E-07,0.66581
2.78E-07,0.69788,3.48E-07,0.69726,,,5.58E-07,0.66537
2.78E-07,0.69788,3.48E-07,0.69727,,,5.58E-07,0.66537
2.78E-07,0.69788,3.48E-07,0.69726,,,5.59E-07,0.66494
2.78E-07,0.69788,3.48E-07,0.69727,,,5.59E-07,0.66494
2.78E-07,0.69788,3.49E-07,0.69904,,,5.60E-07,0.66452
2.78E-07,0.69788,3.49E-07,0.69904,,,5.60E-07,0.66452
2.79E-07,0.70145,3.49E-07,0.69904,,,5.61E-07,0.66411
2.79E-07,0.70145,3.49E-07,0.69904,,,5.61E-07,0.66411
2.79E-07,0.70145,3.50E-07,0.70094,,,5.62E-07,0.66372
2.79E-07,0.70145,3.50E-07,0.70095,,,5.62E-07,0.66372
2.79E-07,0.70145,3.50E-07,0.70094,,,5.63E-07,0.66334
2.79E-07,0.70145,3.50E-07,0.70095,,,5.63E-07,0.66334
2.80E-07,0.70529,3.51E-07,0.70299,,,5.64E-07,0.66296
2.80E-07,0.70529,3.51E-07,0.70299,,,5.64E-07,0.66296
2.80E-07,0.70529,3.51E-07,0.70299,,,5.65E-07,0.6626
2.80E-07,0.70529,3.51E-07,0.70299,,,5.65E-07,0.6626
2.80E-07,0.70529,3.52E-07,0.70797,,,5.66E-07,0.66225
2.80E-07,0.70529,3.52E-07,0.70798,,,5.66E-07,0.66225
2.81E-07,0.70943,3.52E-07,0.70797,,,5.67E-07,0.66191
2.81E-07,0.70944,3.52E-07,0.70798,,,5.67E-07,0.66191
2.81E-07,0.70943,3.53E-07,0.7143,,,5.68E-07,0.66159
2.81E-07,0.70943,3.53E-07,0.71431,,,5.68E-07,0.66159
2.81E-07,0.70943,3.53E-07,0.7143,,,5.69E-07,0.66127
2.81E-07,0.70944,3.53E-07,0.71431,,,5.69E-07,0.66127
2.82E-07,0.71392,3.54E-07,0.72082,,,5.70E-07,0.66097
2.82E-07,0.71393,3.54E-07,0.72083,,,5.70E-07,0.66097
2.82E-07,0.71392,3.54E-07,0.72082,,,5.71E-07,0.66068
2.82E-07,0.71392,3.54E-07,0.72083,,,5.71E-07,0.66068
2.82E-07,0.71392,3.55E-07,0.72755,,,5.72E-07,0.6604
2.82E-07,0.71393,3.55E-07,0.72756,,,5.72E-07,0.6604
2.83E-07,0.71881,3.55E-07,0.72755,,,5.73E-07,0.66013
2.83E-07,0.71881,3.55E-07,0.72756,,,5.73E-07,0.66013
2.83E-07,0.71881,3.56E-07,0.73452,,,5.74E-07,0.65987
2.83E-07,0.71881,3.56E-07,0.73452,,,5.74E-07,0.65987
2.83E-07,0.71881,3.56E-07,0.73452,,,5.75E-07,0.65963
2.83E-07,0.71881,3.56E-07,0.73452,,,5.75E-07,0.65963
2.84E-07,0.72417,3.57E-07,0.74175,,,5.76E-07,0.6594
2.84E-07,0.72417,3.57E-07,0.74176,,,5.76E-07,0.6594
2.84E-07,0.72417,3.57E-07,0.74175,,,5.77E-07,0.65918
2.84E-07,0.72417,3.57E-07,0.74176,,,5.77E-07,0.65918
2.84E-07,0.72417,3.58E-07,0.74933,,,5.78E-07,0.65898
2.84E-07,0.72417,3.58E-07,0.74934,,,5.78E-07,0.65898
2.85E-07,0.73014,3.58E-07,0.74933,,,5.79E-07,0.65878
2.85E-07,0.73014,3.58E-07,0.74934,,,5.79E-07,0.65878
2.85E-07,0.73014,3.59E-07,0.75742,,,5.80E-07,0.6586
2.85E-07,0.73014,3.59E-07,0.75743,,,5.80E-07,0.6586
2.85E-07,0.73014,3.59E-07,0.75742,,,5.81E-07,0.65843
2.85E-07,0.73014,3.59E-07,0.75743,,,5.81E-07,0.65843
2.86E-07,0.73703,3.60E-07,0.76581,,,5.82E-07,0.65828
2.86E-07,0.73703,3.60E-07,0.76582,,,5.82E-07,0.65828
2.86E-07,0.73703,3.60E-07,0.76581,,,5.83E-07,0.65814
2.86E-07,0.73703,3.60E-07,0.76582,,,5.83E-07,0.65814
2.86E-07,0.73703,3.61E-07,0.77444,,,5.84E-07,0.65801
2.86E-07,0.73703,3.61E-07,0.77445,,,5.84E-07,0.65801
2.87E-07,0.74436,3.61E-07,0.77444,,,5.85E-07,0.65789
2.87E-07,0.74436,3.61E-07,0.77445,,,5.85E-07,0.65789
2.87E-07,0.74436,3.62E-07,0.78341,,,5.86E-07,0.65779
2.87E-07,0.74436,3.62E-07,0.78342,,,5.86E-07,0.65779
2.87E-07,0.74436,3.62E-07,0.78341,,,5.87E-07,0.65828
2.87E-07,0.74436,3.62E-07,0.78342,,,5.87E-07,0.65828
2.88E-07,0.75558,3.63E-07,0.79281,,,5.88E-07,0.65928
2.88E-07,0.75559,3.63E-07,0.79282,,,5.88E-07,0.65928
2.88E-07,0.75558,3.63E-07,0.79281,,,5.89E-07,0.66034
2.88E-07,0.75558,3.63E-07,0.79282,,,5.89E-07,0.66034
2.88E-07,0.75558,3.64E-07,0.80274,,,5.90E-07,0.66142
2.88E-07,0.75559,3.64E-07,0.80275,,,5.90E-07,0.66142
2.89E-07,0.77159,3.64E-07,0.80274,,,5.91E-07,0.66253
2.89E-07,0.77159,3.64E-07,0.80275,,,5.91E-07,0.66253
2.89E-07,0.77159,3.65E-07,0.81341,,,5.92E-07,0.66365
2.89E-07,0.77159,3.65E-07,0.81342,,,5.92E-07,0.66365
2.89E-07,0.77159,3.65E-07,0.81341,,,5.93E-07,0.6648
2.89E-07,0.77159,3.65E-07,0.81342,,,5.93E-07,0.6648
2.90E-07,0.78876,3.66E-07,0.82533,,,5.94E-07,0.66596
2.90E-07,0.78877,3.66E-07,0.82534,,,5.94E-07,0.66596
2.90E-07,0.78876,3.66E-07,0.82533,,,5.95E-07,0.66714
2.90E-07,0.78876,3.66E-07,0.82534,,,5.95E-07,0.66714
2.90E-07,0.78876,3.67E-07,0.83685,,,5.96E-07,0.66834
2.90E-07,0.78877,3.67E-07,0.83686,,,5.96E-07,0.66834
2.91E-07,0.80825,3.67E-07,0.83685,,,5.97E-07,0.66955
2.91E-07,0.80824,3.67E-07,0.83686,,,5.97E-07,0.66955
2.91E-07,0.80824,3.68E-07,0.8478,,,5.98E-07,0.67078
2.91E-07,0.80825,3.68E-07,0.84781,,,5.98E-07,0.67078
2.91E-07,0.80825,3.68E-07,0.8478,,,5.99E-07,0.67202
2.91E-07,0.80825,3.68E-07,0.84781,,,5.99E-07,0.67202
2.92E-07,0.82674,3.69E-07,0.85853,,,6.00E-07,0.67329
2.92E-07,0.82674,3.69E-07,0.85854,,,6.00E-07,0.67329
2.92E-07,0.82673,3.69E-07,0.85853,,,6.01E-07,0.67457
2.92E-07,0.82673,3.69E-07,0.85854,,,6.01E-07,0.67457
2.92E-07,0.82674,3.70E-07,0.86912,,,6.02E-07,0.67586
2.92E-07,0.82674,3.70E-07,0.86913,,,6.02E-07,0.67586
2.93E-07,0.84439,3.70E-07,0.86912,,,6.03E-07,0.67718
2.93E-07,0.8444,3.70E-07,0.86913,,,6.03E-07,0.67718
2.93E-07,0.84439,3.71E-07,0.87957,,,6.04E-07,0.67851
2.93E-07,0.84439,3.71E-07,0.87958,,,6.04E-07,0.67851
2.93E-07,0.84439,3.71E-07,0.87957,,,6.05E-07,0.67986
2.93E-07,0.8444,3.71E-07,0.87958,,,6.05E-07,0.67986
2.94E-07,0.86166,3.72E-07,0.88986,,,6.06E-07,0.68123
2.94E-07,0.86165,3.72E-07,0.88987,,,6.06E-07,0.68123
2.94E-07,0.86166,3.72E-07,0.88986,,,6.07E-07,0.68262
2.94E-07,0.86165,3.72E-07,0.88987,,,6.07E-07,0.68262
2.94E-07,0.86165,3.73E-07,0.89993,,,6.08E-07,0.68403
2.94E-07,0.86165,3.73E-07,0.89994,,,6.08E-07,0.68403
2.95E-07,0.87855,3.73E-07,0.89993,,,6.09E-07,0.68545
2.95E-07,0.87856,3.73E-07,0.89994,,,6.09E-07,0.68545
2.95E-07,0.87855,3.74E-07,0.90969,,,6.10E-07,0.6869
2.95E-07,0.87855,3.74E-07,0.9097,,,6.10E-07,0.6869
2.95E-07,0.87855,3.74E-07,0.90969,,,6.11E-07,0.68837
2.95E-07,0.87856,3.74E-07,0.9097,,,6.11E-07,0.68837
2.96E-07,0.89499,3.75E-07,0.91878,,,6.12E-07,0.68985
2.96E-07,0.895,3.75E-07,0.91879,,,6.12E-07,0.68985
2.96E-07,0.89499,3.75E-07,0.91878,,,6.13E-07,0.69136
2.96E-07,0.89499,3.75E-07,0.91879,,,6.13E-07,0.69136
2.96E-07,0.89499,3.76E-07,0.92717,,,6.14E-07,0.69289
2.96E-07,0.895,3.76E-07,0.92718,,,6.14E-07,0.69289
2.97E-07,0.91046,3.76E-07,0.92717,,,6.15E-07,0.69444
2.97E-07,0.91046,3.76E-07,0.92718,,,6.15E-07,0.69444
2.97E-07,0.91045,3.77E-07,0.93493,,,6.16E-07,0.69601
2.97E-07,0.91045,3.77E-07,0.93493,,,6.16E-07,0.69601
2.97E-07,0.91046,3.77E-07,0.93493,,,6.17E-07,0.6976
2.97E-07,0.91046,3.77E-07,0.93493,,,6.17E-07,0.6976
2.98E-07,0.92519,3.78E-07,0.94195,,,6.18E-07,0.69922
2.98E-07,0.9252,3.78E-07,0.94195,,,6.18E-07,0.69922
2.98E-07,0.92519,3.78E-07,0.94195,,,6.19E-07,0.70085
2.98E-07,0.92519,3.78E-07,0.94195,,,6.19E-07,0.70085
2.98E-07,0.92519,3.79E-07,0.94854,,,6.20E-07,0.70252
2.98E-07,0.9252,3.79E-07,0.94855,,,6.20E-07,0.70252
2.99E-07,0.93734,3.79E-07,0.94854,,,6.21E-07,0.7042
2.99E-07,0.93734,3.79E-07,0.94855,,,6.21E-07,0.7042
2.99E-07,0.93734,3.80E-07,0.95473,,,6.22E-07,0.70591
2.99E-07,0.93734,3.80E-07,0.95474,,,6.22E-07,0.70591
2.99E-07,0.93734,3.80E-07,0.95473,,,6.23E-07,0.70765
2.99E-07,0.93734,3.80E-07,0.95474,,,6.23E-07,0.70765
3.00E-07,0.94833,3.81E-07,0.96061,,,6.24E-07,0.70941
3.00E-07,0.94834,3.81E-07,0.96061,,,6.24E-07,0.70941
3.00E-07,0.94833,3.81E-07,0.96061,,,6.25E-07,0.71119
3.00E-07,0.94833,3.81E-07,0.96061,,,6.25E-07,0.71119
3.00E-07,0.94833,3.82E-07,0.96614,,,6.26E-07,0.71301
3.00E-07,0.94834,3.82E-07,0.96615,,,6.26E-07,0.71301
3.01E-07,0.95834,3.82E-07,0.96614,,,6.27E-07,0.71485
3.01E-07,0.95835,3.82E-07,0.96615,,,6.27E-07,0.71485
3.01E-07,0.95834,3.83E-07,0.9714,,,6.28E-07,0.71671
3.01E-07,0.95834,3.83E-07,0.9714,,,6.28E-07,0.71671
3.01E-07,0.95834,3.83E-07,0.9714,,,6.29E-07,0.71861
3.01E-07,0.95835,3.83E-07,0.9714,,,6.29E-07,0.71861
3.02E-07,0.96723,3.84E-07,0.97637,,,6.30E-07,0.72053
3.02E-07,0.96723,3.84E-07,0.97638,,,6.30E-07,0.72053
3.02E-07,0.96723,3.84E-07,0.97637,,,6.31E-07,0.72249
3.02E-07,0.96723,3.84E-07,0.97638,,,6.31E-07,0.72249
3.02E-07,0.96723,3.85E-07,0.98105,,,6.32E-07,0.72447
3.02E-07,0.96723,3.85E-07,0.98106,,,6.32E-07,0.72447
3.03E-07,0.97528,3.85E-07,0.98105,,,6.33E-07,0.72649
3.03E-07,0.97529,3.85E-07,0.98106,,,6.33E-07,0.72649
3.03E-07,0.97528,3.86E-07,0.98542,,,6.34E-07,0.72853
3.03E-07,0.97528,3.86E-07,0.98543,,,6.34E-07,0.72853
3.03E-07,0.97528,3.86E-07,0.98542,,,6.35E-07,0.73061
3.03E-07,0.97529,3.86E-07,0.98543,,,6.35E-07,0.73061
3.04E-07,0.98265,3.87E-07,0.98961,,,6.36E-07,0.73273
3.04E-07,0.98266,3.87E-07,0.98961,,,6.36E-07,0.73273
3.04E-07,0.98265,3.87E-07,0.98961,,,6.37E-07,0.73488
3.04E-07,0.98265,3.87E-07,0.98961,,,6.37E-07,0.73488
3.04E-07,0.98265,3.88E-07,0.99358,,,6.38E-07,0.73706
3.04E-07,0.98266,3.88E-07,0.99358,,,6.38E-07,0.73706
3.05E-07,0.98951,3.88E-07,0.99358,,,6.39E-07,0.73929
3.05E-07,0.98951,3.88E-07,0.99358,,,6.39E-07,0.73929
3.05E-07,0.98951,3.89E-07,0.99736,,,6.40E-07,0.74155
3.05E-07,0.98951,3.89E-07,0.99737,,,6.40E-07,0.74155
3.05E-07,0.98951,3.89E-07,0.99736,,,6.41E-07,0.74386
3.05E-07,0.98951,3.89E-07,0.99737,,,6.41E-07,0.74386
3.06E-07,0.99572,3.90E-07,1.0009,,,6.42E-07,0.74621
3.06E-07,0.99572,3.90E-07,1.0009,,,6.42E-07,0.74621
3.06E-07,0.99571,3.90E-07,1.0009,,,6.43E-07,0.7486
3.06E-07,0.99571,3.90E-07,1.0009,,,6.43E-07,0.7486
3.06E-07,0.99572,3.91E-07,1.0043,,,6.44E-07,0.75105
3.06E-07,0.99572,3.91E-07,1.0043,,,6.44E-07,0.75105
3.07E-07,1.00136,3.91E-07,1.0043,,,6.45E-07,0.75355
3.07E-07,1.00136,3.91E-07,1.0043,,,6.45E-07,0.75355
3.07E-07,1.00136,3.92E-07,1.00753,,,6.46E-07,0.75611
3.07E-07,1.00136,3.92E-07,1.00753,,,6.46E-07,0.75611
3.07E-07,1.00136,3.92E-07,1.00753,,,6.47E-07,0.75875
3.07E-07,1.00136,3.92E-07,1.00753,,,6.47E-07,0.75875
3.08E-07,1.00658,3.93E-07,1.0105,,,6.48E-07,0.7615
3.08E-07,1.00658,3.93E-07,1.01051,,,6.48E-07,0.7615
3.08E-07,1.00658,3.93E-07,1.0105,,,6.49E-07,0.76427
3.08E-07,1.00658,3.93E-07,1.01051,,,6.49E-07,0.76427
3.08E-07,1.00658,3.94E-07,1.01337,,,6.50E-07,0.76707
3.08E-07,1.00658,3.94E-07,1.01337,,,6.50E-07,0.76707
3.09E-07,1.0113,3.94E-07,1.01337,,,6.51E-07,0.7699
3.09E-07,1.0113,3.94E-07,1.01337,,,6.51E-07,0.7699
3.09E-07,1.0113,3.95E-07,1.01608,,,6.52E-07,0.77278
3.09E-07,1.0113,3.95E-07,1.01609,,,6.52E-07,0.77278
3.09E-07,1.0113,3.95E-07,1.01608,,,6.53E-07,0.77569
3.09E-07,1.0113,3.95E-07,1.01609,,,6.53E-07,0.77569
3.10E-07,1.01557,3.96E-07,1.01863,,,6.54E-07,0.77866
3.10E-07,1.01557,3.96E-07,1.01864,,,6.54E-07,0.77866
3.10E-07,1.01557,3.96E-07,1.01863,,,6.55E-07,0.78167
3.10E-07,1.01557,3.96E-07,1.01864,,,6.55E-07,0.78167
3.10E-07,1.01557,3.97E-07,1.02106,,,6.56E-07,0.78475
3.10E-07,1.01557,3.97E-07,1.02107,,,6.56E-07,0.78475
3.11E-07,1.01955,3.97E-07,1.02106,,,6.57E-07,0.78788
3.11E-07,1.01955,3.97E-07,1.02107,,,6.57E-07,0.78788
3.11E-07,1.01955,3.98E-07,1.02333,,,6.58E-07,0.79108
3.11E-07,1.01955,3.98E-07,1.02334,,,6.58E-07,0.79108
3.11E-07,1.01955,3.98E-07,1.02333,,,6.59E-07,0.79435
3.11E-07,1.01955,3.98E-07,1.02334,,,6.59E-07,0.79435
3.12E-07,1.02323,3.99E-07,1.02555,,,6.60E-07,0.79771
3.12E-07,1.02324,3.99E-07,1.02555,,,6.60E-07,0.79771
3.12E-07,1.02323,3.99E-07,1.02555,,,6.61E-07,0.80115
3.12E-07,1.02323,3.99E-07,1.02555,,,6.61E-07,0.80115
3.12E-07,1.02323,4.00E-07,1.02759,,,6.62E-07,0.8047
3.12E-07,1.02324,4.00E-07,1.02759,,,6.62E-07,0.8047
3.13E-07,1.02653,4.00E-07,1.02759,,,6.63E-07,0.80837
3.13E-07,1.02653,4.00E-07,1.02759,,,6.63E-07,0.80837
3.13E-07,1.02653,4.01E-07,1.02952,,,6.64E-07,0.81218
3.13E-07,1.02653,4.01E-07,1.02952,,,6.64E-07,0.81218
3.13E-07,1.02653,4.01E-07,1.02952,,,6.65E-07,0.81621
3.13E-07,1.02653,4.01E-07,1.02952,,,6.65E-07,0.81621
3.14E-07,1.02952,4.02E-07,1.0313,,,6.66E-07,0.82044
3.14E-07,1.02952,4.02E-07,1.0313,,,6.66E-07,0.82044
3.14E-07,1.02952,4.02E-07,1.0313,,,6.67E-07,0.82436
3.14E-07,1.02952,4.02E-07,1.0313,,,6.67E-07,0.82436
3.14E-07,1.02952,4.03E-07,1.03302,,,6.68E-07,0.82815
3.14E-07,1.02952,4.03E-07,1.03302,,,6.68E-07,0.82815
3.15E-07,1.03227,4.03E-07,1.03302,,,6.69E-07,0.83189
3.15E-07,1.03227,4.03E-07,1.03302,,,6.69E-07,0.83189
3.15E-07,1.03227,4.04E-07,1.03464,,,6.70E-07,0.83558
3.15E-07,1.03227,4.04E-07,1.03464,,,6.70E-07,0.83558
3.15E-07,1.03227,4.04E-07,1.03464,,,6.71E-07,0.83924
3.15E-07,1.03227,4.04E-07,1.03464,,,6.72E-07,0.84287
3.16E-07,1.03479,4.05E-07,1.03617,,,6.73E-07,0.84648
3.16E-07,1.03479,4.05E-07,1.03618,,,6.74E-07,0.85007
3.16E-07,1.03478,4.05E-07,1.03617,,,6.75E-07,0.85364
3.16E-07,1.03478,4.05E-07,1.03618,,,6.76E-07,0.8572
3.16E-07,1.03479,4.06E-07,1.03759,,,6.77E-07,0.86074
3.16E-07,1.03479,4.06E-07,1.03759,,,6.78E-07,0.86426
3.17E-07,1.03707,4.06E-07,1.03759,,,6.79E-07,0.86776
3.17E-07,1.03708,4.06E-07,1.03759,,,6.80E-07,0.87123
3.17E-07,1.03707,4.07E-07,1.03894,,,6.81E-07,0.87468
3.17E-07,1.03707,4.07E-07,1.03895,,,6.82E-07,0.8781
3.17E-07,1.03707,4.07E-07,1.03894,,,6.83E-07,0.88148
3.17E-07,1.03708,4.07E-07,1.03895,,,6.84E-07,0.88483
3.18E-07,1.03916,4.08E-07,1.04022,,,6.85E-07,0.88812
3.18E-07,1.03916,4.08E-07,1.04022,,,6.86E-07,0.89136
3.18E-07,1.03915,4.08E-07,1.04022,,,6.87E-07,0.89453
3.18E-07,1.03915,4.08E-07,1.04022,,,6.88E-07,0.89761
3.18E-07,1.03916,4.09E-07,1.0414,,,6.89E-07,0.90051
3.18E-07,1.03916,4.09E-07,1.0414,,,6.90E-07,0.90335
3.19E-07,1.04104,4.09E-07,1.0414,,,6.91E-07,0.9061
3.19E-07,1.04104,4.09E-07,1.0414,,,6.92E-07,0.90875
3.19E-07,1.04103,4.10E-07,1.04252,,,6.93E-07,0.91128
3.19E-07,1.04103,4.10E-07,1.04252,,,6.94E-07,0.91378
3.19E-07,1.04104,4.10E-07,1.04252,,,6.95E-07,0.91622
3.19E-07,1.04104,4.10E-07,1.04252,,,6.96E-07,0.91864
3.20E-07,1.04273,4.11E-07,1.04355,,,6.97E-07,0.92095
3.20E-07,1.04274,4.11E-07,1.04356,,,6.98E-07,0.92321
3.20E-07,1.04273,4.11E-07,1.04355,,,6.99E-07,0.92545
3.20E-07,1.04273,4.11E-07,1.04356,,,7.00E-07,0.92762
3.20E-07,1.04273,4.12E-07,1.04454,,,7.01E-07,0.92979
3.20E-07,1.04274,4.12E-07,1.04454,,,7.02E-07,0.93188
3.21E-07,1.04426,4.12E-07,1.04454,,,7.03E-07,0.93392
3.21E-07,1.04426,4.12E-07,1.04454,,,7.04E-07,0.9359
3.21E-07,1.04426,4.13E-07,1.04545,,,7.05E-07,0.93787
3.21E-07,1.04426,4.13E-07,1.04546,,,7.06E-07,0.93978
3.21E-07,1.04426,4.13E-07,1.04545,,,7.07E-07,0.94167
3.21E-07,1.04426,4.13E-07,1.04546,,,7.08E-07,0.94353
3.22E-07,1.04563,4.14E-07,1.0463,,,7.09E-07,0.94536
3.22E-07,1.04564,4.14E-07,1.0463,,,7.10E-07,0.94713
3.22E-07,1.04563,4.14E-07,1.0463,,,7.11E-07,0.94887
3.22E-07,1.04563,4.14E-07,1.0463,,,7.12E-07,0.95055
3.22E-07,1.04563,4.15E-07,1.04711,,,7.13E-07,0.95226
3.22E-07,1.04564,4.15E-07,1.04711,,,7.14E-07,0.95388
3.23E-07,1.04689,4.15E-07,1.04711,,,7.15E-07,0.9555
3.23E-07,1.04689,4.15E-07,1.04711,,,7.16E-07,0.95707
3.23E-07,1.04689,4.16E-07,1.04784,,,7.17E-07,0.95865
3.23E-07,1.04689,4.16E-07,1.04785,,,7.18E-07,0.96018
3.23E-07,1.04689,4.16E-07,1.04784,,,7.19E-07,0.96165
3.23E-07,1.04689,4.16E-07,1.04785,,,7.20E-07,0.96313
3.24E-07,1.04799,4.17E-07,1.04853,,,7.21E-07,0.96459
3.24E-07,1.04799,4.17E-07,1.04854,,,7.22E-07,0.96599
3.24E-07,1.04799,4.17E-07,1.04853,,,7.23E-07,0.96737
3.24E-07,1.04799,4.17E-07,1.04854,,,7.24E-07,0.96874
3.24E-07,1.04799,4.18E-07,1.04916,,,7.25E-07,0.97009
3.24E-07,1.04799,4.18E-07,1.04916,,,7.26E-07,0.9714
3.25E-07,1.049,4.18E-07,1.04916,,,7.27E-07,0.97269
3.25E-07,1.049,4.18E-07,1.04916,,,7.28E-07,0.97395
3.25E-07,1.04899,4.19E-07,1.04975,,,7.29E-07,0.97519
3.25E-07,1.04899,4.19E-07,1.04975,,,7.30E-07,0.97639
3.25E-07,1.04899,4.19E-07,1.04975,,,7.31E-07,0.9776
3.25E-07,1.049,4.19E-07,1.04975,,,7.32E-07,0.97876
3.26E-07,1.04989,4.20E-07,1.05029,,,7.33E-07,0.97991
3.26E-07,1.04989,4.20E-07,1.05029,,,7.34E-07,0.98105
3.26E-07,1.04988,4.20E-07,1.05029,,,7.35E-07,0.98214
3.26E-07,1.04988,4.20E-07,1.05029,,,7.36E-07,0.98324
3.26E-07,1.04989,4.21E-07,1.05078,,,7.37E-07,0.98432
3.26E-07,1.04989,4.21E-07,1.05078,,,7.38E-07,0.98535
3.27E-07,1.05066,4.21E-07,1.05078,,,7.39E-07,0.98638
3.27E-07,1.05066,4.21E-07,1.05078,,,7.40E-07,0.9874
3.27E-07,1.05065,4.22E-07,1.05124,,,7.41E-07,0.98839
3.27E-07,1.05065,4.22E-07,1.05125,,,7.42E-07,0.98934
3.27E-07,1.05066,4.22E-07,1.05124,,,7.43E-07,0.9903
3.27E-07,1.05066,4.22E-07,1.05125,,,7.44E-07,0.99123
3.28E-07,1.05136,4.23E-07,1.05165,,,7.45E-07,0.99214
3.28E-07,1.05136,4.23E-07,1.05165,,,7.46E-07,0.99303
3.28E-07,1.05136,4.23E-07,1.05165,,,7.47E-07,0.99391
3.28E-07,1.05136,4.23E-07,1.05165,,,7.48E-07,0.99478
3.28E-07,1.05136,4.24E-07,1.05202,,,7.49E-07,0.99563
3.28E-07,1.05136,4.24E-07,1.05202,,,7.50E-07,0.99646
3.29E-07,1.05196,4.24E-07,1.05202,,,7.51E-07,0.99728
3.29E-07,1.05196,4.24E-07,1.05202,,,7.52E-07,0.99808
3.29E-07,1.05196,4.25E-07,1.05235,,,7.53E-07,0.99886
3.29E-07,1.05196,4.25E-07,1.05235,,,7.54E-07,0.99962
3.29E-07,1.05196,4.25E-07,1.05235,,,7.55E-07,1.00038
3.29E-07,1.05196,4.25E-07,1.05235,,,7.56E-07,1.00111
3.30E-07,1.05249,4.26E-07,1.05265,,,7.57E-07,1.00184
3.30E-07,1.05249,4.26E-07,1.05265,,,7.58E-07,1.00254
3.30E-07,1.05249,4.26E-07,1.05265,,,7.59E-07,1.00323
3.30E-07,1.05249,4.26E-07,1.05265,,,7.60E-07,1.00392
3.30E-07,1.05249,4.27E-07,1.05289,,,7.61E-07,1.00457
3.30E-07,1.05249,4.27E-07,1.0529,,,7.62E-07,1.00522
3.31E-07,1.05294,4.27E-07,1.05289,,,7.63E-07,1.00586
3.31E-07,1.05294,4.27E-07,1.0529,,,7.64E-07,1.0065
3.31E-07,1.05294,4.28E-07,1.0531,,,7.65E-07,1.00709
3.31E-07,1.05294,4.28E-07,1.0531,,,7.66E-07,1.0077
3.31E-07,1.05294,4.28E-07,1.0531,,,7.67E-07,1.00828
3.31E-07,1.05294,4.28E-07,1.0531,,,7.68E-07,1.00886
3.32E-07,1.05332,4.29E-07,1.05326,,,7.69E-07,1.00941
3.32E-07,1.05333,4.29E-07,1.05327,,,7.70E-07,1.00997
3.32E-07,1.05332,4.29E-07,1.05326,,,7.71E-07,1.01051
3.32E-07,1.05332,4.29E-07,1.05327,,,7.72E-07,1.01103
3.32E-07,1.05332,4.30E-07,1.05336,,,7.73E-07,1.01154
3.32E-07,1.05333,4.30E-07,1.05336,,,7.74E-07,1.01204
3.33E-07,1.05365,4.30E-07,1.05336,,,7.75E-07,1.01255
3.33E-07,1.05365,4.30E-07,1.05336,,,7.76E-07,1.01303
3.33E-07,1.05365,4.31E-07,1.05337,,,7.77E-07,1.0135
3.33E-07,1.05365,4.31E-07,1.05337,,,7.78E-07,1.01396
3.33E-07,1.05365,4.31E-07,1.05337,,,7.79E-07,1.01441
3.33E-07,1.05365,4.32E-07,1.05304,,,7.80E-07,1.01484
3.34E-07,1.05391,4.32E-07,1.05304,,,7.81E-07,1.01527
3.34E-07,1.05392,4.32E-07,1.05304,,,7.82E-07,1.01569
3.34E-07,1.05391,4.33E-07,1.02823,,,7.83E-07,1.0161
3.34E-07,1.05391,4.33E-07,1.02822,,,7.84E-07,1.01649
3.34E-07,1.05391,4.33E-07,1.02823,,,7.85E-07,1.01688
3.34E-07,1.05392,4.33E-07,1.02822,,,7.86E-07,1.01727
3.35E-07,1.05412,,,,,7.87E-07,1.01764
3.35E-07,1.05412,,,,,7.88E-07,1.018
3.35E-07,1.05412,,,,,7.89E-07,1.01835
3.35E-07,1.05412,,,,,7.90E-07,1.0187
3.35E-07,1.05412,,,,,7.91E-07,1.01904
3.35E-07,1.05412,,,,,7.92E-07,1.01936
3.36E-07,1.05427,,,,,7.93E-07,1.01968
3.36E-07,1.05427,,,,,7.94E-07,1.01999
3.36E-07,1.05427,,,,,7.95E-07,1.02029
3.36E-07,1.05427,,,,,7.96E-07,1.02058
3.36E-07,1.05427,,,,,7.97E-07,1.02087
3.36E-07,1.05427,,,,,7.98E-07,1.02115
3.37E-07,1.05436,,,,,7.99E-07,1.02142
3.37E-07,1.05436,,,,,8.00E-07,1.02169
3.37E-07,1.05436,,,,,8.01E-07,1.02194
3.37E-07,1.05436,,,,,8.02E-07,1.02219
3.37E-07,1.05436,,,,,8.03E-07,1.02243
3.37E-07,1.05436,,,,,8.04E-07,1.02266
3.38E-07,1.05439,,,,,8.05E-07,1.02289
3.38E-07,1.05439,,,,,8.06E-07,1.02311
3.38E-07,1.05438,,,,,8.07E-07,1.02332
3.38E-07,1.05438,,,,,8.08E-07,1.02353
3.38E-07,1.05439,,,,,8.09E-07,1.02372
3.38E-07,1.05439,,,,,8.10E-07,1.02391
3.39E-07,1.05433,,,,,8.11E-07,1.0241
3.39E-07,1.05433,,,,,8.12E-07,1.02428
3.39E-07,1.05433,,,,,8.13E-07,1.02445
3.39E-07,1.05433,,,,,8.14E-07,1.02462
3.39E-07,1.05433,,,,,8.15E-07,1.02478
3.39E-07,1.05433,,,,,8.16E-07,1.02493
3.40E-07,1.05413,,,,,8.17E-07,1.02508
3.40E-07,1.05413,,,,,8.18E-07,1.02522
3.40E-07,1.05413,,,,,8.19E-07,1.02536
3.40E-07,1.05413,,,,,8.20E-07,1.02549
3.40E-07,1.05413,,,,,8.21E-07,1.02561
3.40E-07,1.05413,,,,,8.22E-07,1.02572
3.41E-07,1.0414,,,,,8.23E-07,1.02584
3.41E-07,1.04139,,,,,8.24E-07,1.02594
3.41E-07,1.0414,,,,,8.25E-07,1.02604
3.41E-07,1.0414,,,,,8.26E-07,1.02613
3.41E-07,1.0414,,,,,8.27E-07,1.02621
3.41E-07,1.0414,,,,,8.28E-07,1.02629
,,,,,,8.29E-07,1.02636
,,,,,,8.30E-07,1.02642
,,,,,,8.31E-07,1.02647
,,,,,,8.32E-07,1.02652
,,,,,,8.33E-07,1.02655
,,,,,,8.34E-07,1.02657
,,,,,,8.35E-07,1.02657
,,,,,,8.36E-07,1.02654
,,,,,,8.37E-07,1.02646
,,,,,,8.38E-07,1.0262
,,,,,,8.39E-07,1.01848
,,,,,,8.39E-07,1.01848
,,,,,,8.40E-07,1.00991
,,,,,,8.40E-07,1.00991
