t,3 mm,t,4 mm,t,5 mm,t,6.5 mm,t,8 mm,t,10 mm,t,11.5 mm,t,15 mm
4.97E-08,9.4737,4.97E-08,10.93011,4.97E-08,12.2128,4.97E-08,13.91717,4.97E-08,15.43328,4.97E-08,17.24913,4.97E-08,19.34639,4.97E-08,22.03779
5.47E-08,7.76789,5.47E-08,8.55567,5.47E-08,9.55562,5.47E-08,10.88512,5.47E-08,12.06859,5.47E-08,13.48659,5.47E-08,14.48109,5.47E-08,16.53065
5.97E-08,6.72465,5.97E-08,7.51003,5.97E-08,8.38495,5.97E-08,9.54804,5.97E-08,10.58332,5.97E-08,11.82344,5.97E-08,12.67847,5.97E-08,14.46973
6.47E-08,5.90909,6.47E-08,6.76638,6.47E-08,7.55679,6.47E-08,8.60847,6.47E-08,9.54558,6.47E-08,10.66923,6.47E-08,11.44369,6.47E-08,13.07037
6.97E-08,5.37881,6.97E-08,6.16672,6.97E-08,6.88446,6.97E-08,7.83828,6.97E-08,8.68719,6.97E-08,9.70384,6.97E-08,10.40167,6.97E-08,11.86976
7.47E-08,4.97289,7.47E-08,5.71741,7.47E-08,6.38475,7.47E-08,7.2713,7.47E-08,8.06018,7.47E-08,9.00483,7.47E-08,9.65285,7.47E-08,11.01686
7.97E-08,4.64567,7.97E-08,5.35146,7.97E-08,5.97909,7.97E-08,6.81237,7.97E-08,7.55351,7.97E-08,8.44072,7.97E-08,9.04899,7.97E-08,10.3295
8.47E-08,4.37018,8.47E-08,5.0437,8.47E-08,5.63961,8.47E-08,6.43009,8.47E-08,7.13272,8.47E-08,7.97344,8.47E-08,8.54955,8.47E-08,9.76222
8.97E-08,4.12996,8.97E-08,4.77672,8.97E-08,5.3468,8.97E-08,6.10223,8.97E-08,6.77317,8.97E-08,7.5755,8.97E-08,8.12499,8.97E-08,9.28134
9.47E-08,3.9145,9.47E-08,4.53894,9.47E-08,5.08767,9.47E-08,5.81396,9.47E-08,6.45839,9.47E-08,7.22849,9.47E-08,7.75558,9.47E-08,8.86438
9.97E-08,3.71687,9.97E-08,4.32246,9.97E-08,4.85332,9.97E-08,5.55506,9.97E-08,6.17705,9.97E-08,6.91974,9.97E-08,7.42774,9.97E-08,8.49581
1.05E-07,3.53244,1.05E-07,4.12185,1.05E-07,4.63751,1.05E-07,5.31833,1.05E-07,5.92111,1.05E-07,6.64025,1.05E-07,7.13179,1.05E-07,8.16463
1.10E-07,3.35813,1.10E-07,3.93332,1.10E-07,4.43584,1.10E-07,5.09859,1.10E-07,5.68476,1.10E-07,6.38348,1.10E-07,6.8607,1.10E-07,7.86276
1.15E-07,3.19195,1.15E-07,3.75425,1.15E-07,4.24515,1.15E-07,4.89208,1.15E-07,5.46372,1.15E-07,6.14455,1.15E-07,6.60921,1.15E-07,7.58419
1.20E-07,3.03269,1.20E-07,3.58287,1.20E-07,4.06324,1.20E-07,4.69604,1.20E-07,5.25481,1.20E-07,5.91981,1.20E-07,6.37337,1.20E-07,7.32433
1.25E-07,2.87967,1.25E-07,3.41808,1.25E-07,3.88859,1.25E-07,4.50849,1.25E-07,5.05567,1.25E-07,5.70652,1.25E-07,6.15016,1.25E-07,7.07967
1.30E-07,2.7326,1.30E-07,3.25919,1.30E-07,3.7202,1.30E-07,4.32803,1.30E-07,4.86457,1.30E-07,5.50258,1.30E-07,5.93728,1.30E-07,6.84747
1.35E-07,2.59141,1.35E-07,3.10587,1.35E-07,3.55747,1.35E-07,4.15369,1.35E-07,4.68028,1.35E-07,5.30645,1.35E-07,5.73297,1.35E-07,6.62559
1.40E-07,2.45619,1.40E-07,2.95802,1.40E-07,3.40007,1.40E-07,3.98487,1.40E-07,4.50192,1.40E-07,5.11697,1.40E-07,5.53591,1.40E-07,6.41237
1.45E-07,2.32707,1.45E-07,2.81567,1.45E-07,3.24788,1.45E-07,3.82121,1.45E-07,4.32892,1.45E-07,4.93333,1.45E-07,5.34512,1.45E-07,6.20655
1.50E-07,2.20417,1.50E-07,2.67892,1.50E-07,3.10091,1.50E-07,3.66252,1.50E-07,4.16093,1.50E-07,4.75496,1.50E-07,5.15991,1.50E-07,6.00715
1.55E-07,2.08758,1.55E-07,2.5479,1.55E-07,2.95925,1.55E-07,3.50878,1.55E-07,3.99776,1.55E-07,4.5815,1.55E-07,4.97978,1.55E-07,5.81344
1.60E-07,1.99161,1.60E-07,2.42274,1.60E-07,2.82301,1.60E-07,3.36004,1.60E-07,3.83938,1.60E-07,4.41276,1.60E-07,4.80444,1.60E-07,5.6249
1.61E-07,1.9735,1.61E-07,2.39833,1.61E-07,2.79634,1.61E-07,3.3308,1.61E-07,3.80818,1.61E-07,4.37947,1.61E-07,4.76983,1.61E-07,5.58766
1.62E-07,1.95569,1.62E-07,2.3742,1.62E-07,2.76994,1.62E-07,3.30183,1.62E-07,3.77724,1.62E-07,4.34644,1.62E-07,4.73548,1.62E-07,5.5507
1.63E-07,1.9381,1.63E-07,2.35033,1.63E-07,2.74377,1.63E-07,3.27308,1.63E-07,3.7465,1.63E-07,4.3136,1.63E-07,4.70132,1.63E-07,5.51395
1.64E-07,1.92102,1.64E-07,2.3267,1.64E-07,2.71784,1.64E-07,3.24454,1.64E-07,3.71597,1.64E-07,4.28096,1.64E-07,4.66736,1.64E-07,5.47739
1.65E-07,1.90399,1.65E-07,2.30331,1.65E-07,2.69214,1.65E-07,3.21622,1.65E-07,3.68564,1.65E-07,4.24851,1.65E-07,4.63358,1.65E-07,5.44102
1.66E-07,1.88759,1.66E-07,2.28178,1.66E-07,2.66667,1.66E-07,3.1881,1.66E-07,3.65551,1.66E-07,4.21625,1.66E-07,4.59999,1.66E-07,5.40484
1.67E-07,1.87117,1.67E-07,2.26157,1.67E-07,2.64143,1.67E-07,3.1602,1.67E-07,3.62557,1.67E-07,4.18417,1.67E-07,4.56657,1.67E-07,5.36884
1.68E-07,1.85534,1.68E-07,2.24161,1.68E-07,2.61641,1.68E-07,3.13251,1.68E-07,3.59583,1.68E-07,4.15228,1.68E-07,4.53334,1.68E-07,5.33302
1.69E-07,1.83952,1.69E-07,2.22229,1.69E-07,2.59162,1.69E-07,3.10502,1.69E-07,3.56629,1.69E-07,4.12057,1.69E-07,4.5003,1.69E-07,5.29738
1.70E-07,1.82425,1.70E-07,2.20302,1.70E-07,2.56706,1.70E-07,3.07775,1.70E-07,3.53695,1.70E-07,4.08905,1.70E-07,4.46743,1.70E-07,5.26192
1.71E-07,1.80901,1.71E-07,2.1842,1.71E-07,2.54273,1.71E-07,3.0507,1.71E-07,3.5078,1.71E-07,4.05771,1.71E-07,4.43474,1.71E-07,5.22664
1.72E-07,1.79424,1.72E-07,2.16572,1.72E-07,2.51863,1.72E-07,3.02385,1.72E-07,3.47885,1.72E-07,4.02657,1.72E-07,4.40223,1.72E-07,5.19153
1.73E-07,1.77958,1.73E-07,2.14733,1.73E-07,2.49476,1.73E-07,2.99722,1.73E-07,3.45011,1.73E-07,3.99561,1.73E-07,4.36991,1.73E-07,5.1566
1.74E-07,1.76526,1.74E-07,2.12957,1.74E-07,2.47117,1.74E-07,2.9708,1.74E-07,3.42156,1.74E-07,3.96483,1.74E-07,4.33777,1.74E-07,5.12185
1.75E-07,1.75117,1.75E-07,2.11182,1.75E-07,2.45043,1.75E-07,2.94459,1.75E-07,3.39322,1.75E-07,3.93425,1.75E-07,4.3058,1.75E-07,5.08727
1.76E-07,1.73725,1.76E-07,2.09458,1.76E-07,2.42979,1.76E-07,2.9186,1.76E-07,3.36507,1.76E-07,3.90385,1.76E-07,4.27402,1.76E-07,5.05286
1.77E-07,1.72371,1.77E-07,2.07747,1.77E-07,2.40992,1.77E-07,2.89283,1.77E-07,3.33713,1.77E-07,3.87365,1.77E-07,4.24243,1.77E-07,5.01863
1.78E-07,1.71027,1.78E-07,2.06072,1.78E-07,2.3901,1.78E-07,2.86727,1.78E-07,3.3094,1.78E-07,3.84363,1.78E-07,4.21101,1.78E-07,4.98457
1.79E-07,1.69714,1.79E-07,2.0442,1.79E-07,2.37054,1.79E-07,2.84192,1.79E-07,3.28187,1.79E-07,3.81381,1.79E-07,4.17978,1.79E-07,4.95069
1.80E-07,1.68424,1.80E-07,2.02797,1.80E-07,2.3515,1.80E-07,2.81679,1.80E-07,3.25454,1.80E-07,3.78418,1.80E-07,4.14874,1.80E-07,4.91699
1.81E-07,1.67146,1.81E-07,2.01199,1.81E-07,2.3325,1.81E-07,2.79188,1.81E-07,3.22742,1.81E-07,3.75474,1.81E-07,4.11788,1.81E-07,4.88345
1.82E-07,1.65901,1.82E-07,1.99627,1.82E-07,2.314,1.82E-07,2.76719,1.82E-07,3.2005,1.82E-07,3.72549,1.82E-07,4.0872,1.82E-07,4.8501
1.83E-07,1.64675,1.83E-07,1.98078,1.83E-07,2.2957,1.83E-07,2.74271,1.83E-07,3.17379,1.83E-07,3.69643,1.83E-07,4.05671,1.83E-07,4.81691
1.84E-07,1.63462,1.84E-07,1.96558,1.84E-07,2.27762,1.84E-07,2.71845,1.84E-07,3.14728,1.84E-07,3.66758,1.84E-07,4.02641,1.84E-07,4.78391
1.85E-07,1.62276,1.85E-07,1.95054,1.85E-07,2.25997,1.85E-07,2.6954,1.85E-07,3.12099,1.85E-07,3.63891,1.85E-07,3.99629,1.85E-07,4.75107
1.86E-07,1.61111,1.86E-07,1.93585,1.86E-07,2.24235,1.86E-07,2.67408,1.86E-07,3.0949,1.86E-07,3.61044,1.86E-07,3.96637,1.86E-07,4.71842
1.87E-07,1.59961,1.87E-07,1.92124,1.87E-07,2.22529,1.87E-07,2.65342,1.87E-07,3.06902,1.87E-07,3.58217,1.87E-07,3.93663,1.87E-07,4.68594
1.88E-07,1.58827,1.88E-07,1.90704,1.88E-07,2.20822,1.88E-07,2.63294,1.88E-07,3.04335,1.88E-07,3.5541,1.88E-07,3.90708,1.88E-07,4.65364
1.89E-07,1.5772,1.89E-07,1.89292,1.89E-07,2.19165,1.89E-07,2.61252,1.89E-07,3.01788,1.89E-07,3.52622,1.89E-07,3.87772,1.89E-07,4.62152
1.90E-07,1.5663,1.90E-07,1.8791,1.90E-07,2.17512,1.90E-07,2.59278,1.90E-07,2.99263,1.90E-07,3.49854,1.90E-07,3.84856,1.90E-07,4.58957
1.91E-07,1.55554,1.91E-07,1.86548,1.91E-07,2.15901,1.91E-07,2.57312,1.91E-07,2.96758,1.91E-07,3.47106,1.91E-07,3.81958,1.91E-07,4.5578
1.92E-07,1.54493,1.92E-07,1.85198,1.92E-07,2.14297,1.92E-07,2.55368,1.92E-07,2.94274,1.92E-07,3.44378,1.92E-07,3.7908,1.92E-07,4.52621
1.93E-07,1.53453,1.93E-07,1.83883,1.93E-07,2.12734,1.93E-07,2.53471,1.93E-07,2.91811,1.93E-07,3.41669,1.93E-07,3.76221,1.93E-07,4.49481
1.94E-07,1.52433,1.94E-07,1.82579,1.94E-07,2.11176,1.94E-07,2.51578,1.94E-07,2.89498,1.94E-07,3.38981,1.94E-07,3.73381,1.94E-07,4.46358
1.95E-07,1.51428,1.95E-07,1.81293,1.95E-07,2.0966,1.95E-07,2.49733,1.95E-07,2.87338,1.95E-07,3.36313,1.95E-07,3.7056,1.95E-07,4.43253
1.96E-07,1.50437,1.96E-07,1.80035,1.96E-07,2.08147,1.96E-07,2.47903,1.96E-07,2.85234,1.96E-07,3.33665,1.96E-07,3.67759,1.96E-07,4.40166
1.97E-07,1.49462,1.97E-07,1.78789,1.97E-07,2.06674,1.97E-07,2.46097,1.97E-07,2.83136,1.97E-07,3.31036,1.97E-07,3.64977,1.97E-07,4.37098
1.98E-07,1.48501,1.98E-07,1.7756,1.98E-07,2.05209,1.98E-07,2.44326,1.98E-07,2.81064,1.98E-07,3.28428,1.98E-07,3.62215,1.98E-07,4.34048
1.99E-07,1.47556,1.99E-07,1.76358,1.99E-07,2.03774,1.99E-07,2.42563,1.99E-07,2.79042,1.99E-07,3.2584,1.99E-07,3.59472,1.99E-07,4.31016
2.00E-07,1.46629,2.00E-07,1.75168,2.00E-07,2.02356,2.00E-07,2.40847,2.00E-07,2.77025,2.00E-07,3.23272,2.00E-07,3.56749,2.00E-07,4.28002
2.01E-07,1.45716,2.01E-07,1.73991,2.01E-07,2.00953,2.01E-07,2.39131,2.01E-07,2.75046,2.01E-07,3.20725,2.01E-07,3.54046,2.01E-07,4.25007
2.02E-07,1.44818,2.02E-07,1.72841,2.02E-07,1.99581,2.02E-07,2.37463,2.02E-07,2.73098,2.02E-07,3.18197,2.02E-07,3.51362,2.02E-07,4.2203
2.03E-07,1.43934,2.03E-07,1.71705,2.03E-07,1.98217,2.03E-07,2.35795,2.03E-07,2.71154,2.03E-07,3.15689,2.03E-07,3.48697,2.03E-07,4.19072
2.04E-07,1.43064,2.04E-07,1.70582,2.04E-07,1.96882,2.04E-07,2.34171,2.04E-07,2.69267,2.04E-07,3.13289,2.04E-07,3.46052,2.04E-07,4.16132
2.05E-07,1.42208,2.05E-07,1.69474,2.05E-07,1.95563,2.05E-07,2.3255,2.05E-07,2.67385,2.05E-07,3.11097,2.05E-07,3.43427,2.05E-07,4.13211
2.06E-07,1.41365,2.06E-07,1.68389,2.06E-07,1.94255,2.06E-07,2.30969,2.06E-07,2.65534,2.06E-07,3.08937,2.06E-07,3.40822,2.06E-07,4.10308
2.07E-07,1.40535,2.07E-07,1.67318,2.07E-07,1.92977,2.07E-07,2.29392,2.07E-07,2.63711,2.07E-07,3.06784,2.07E-07,3.38236,2.07E-07,4.07424
2.08E-07,1.39718,2.08E-07,1.66259,2.08E-07,1.91711,2.08E-07,2.27854,2.08E-07,2.61897,2.08E-07,3.04671,2.08E-07,3.3567,2.08E-07,4.04559
2.09E-07,1.38914,2.09E-07,1.65214,2.09E-07,1.90458,2.09E-07,2.26319,2.09E-07,2.60129,2.09E-07,3.02593,2.09E-07,3.33124,2.09E-07,4.01712
2.10E-07,1.38123,2.10E-07,1.64186,2.10E-07,1.89232,2.10E-07,2.24822,2.10E-07,2.58361,2.10E-07,3.0052,2.10E-07,3.30597,2.10E-07,3.98885
2.11E-07,1.37344,2.11E-07,1.63176,2.11E-07,1.88018,2.11E-07,2.23331,2.11E-07,2.56639,2.11E-07,2.98492,2.11E-07,3.2827,2.11E-07,3.96075
2.12E-07,1.36577,2.12E-07,1.62179,2.12E-07,1.86815,2.12E-07,2.21869,2.12E-07,2.54922,2.12E-07,2.96487,2.12E-07,3.26072,2.12E-07,3.93285
2.13E-07,1.35822,2.13E-07,1.61195,2.13E-07,1.85638,2.13E-07,2.20422,2.13E-07,2.5324,2.13E-07,2.94487,2.13E-07,3.23881,2.13E-07,3.90514
2.14E-07,1.35081,2.14E-07,1.60223,2.14E-07,1.84474,2.14E-07,2.18992,2.14E-07,2.51569,2.14E-07,2.92544,2.14E-07,3.21705,2.14E-07,3.87761
2.15E-07,1.34353,2.15E-07,1.59265,2.15E-07,1.83322,2.15E-07,2.17587,2.15E-07,2.49928,2.15E-07,2.90607,2.15E-07,3.19588,2.15E-07,3.85027
2.16E-07,1.33635,2.16E-07,1.5832,2.16E-07,1.82186,2.16E-07,2.1619,2.16E-07,2.48301,2.16E-07,2.88695,2.16E-07,3.17478,2.16E-07,3.82312
2.17E-07,1.32928,2.17E-07,1.5739,2.17E-07,1.81071,2.17E-07,2.14824,2.17E-07,2.46701,2.17E-07,2.86816,2.17E-07,3.15384,2.17E-07,3.79616
2.18E-07,1.32231,2.18E-07,1.56473,2.18E-07,1.79967,2.18E-07,2.13468,2.18E-07,2.45115,2.18E-07,2.8494,2.18E-07,3.13342,2.18E-07,3.76939
2.19E-07,1.31545,2.19E-07,1.55569,2.19E-07,1.78876,2.19E-07,2.12129,2.19E-07,2.43557,2.19E-07,2.83114,2.19E-07,3.11304,2.19E-07,3.7428
2.20E-07,1.30873,2.20E-07,1.54678,2.20E-07,1.77798,2.20E-07,2.10814,2.20E-07,2.42008,2.20E-07,2.81291,2.20E-07,3.09294,2.20E-07,3.71641
2.21E-07,1.30211,2.21E-07,1.53799,2.21E-07,1.7674,2.21E-07,2.09507,2.21E-07,2.40491,2.21E-07,2.79501,2.21E-07,3.0732,2.21E-07,3.6902
2.22E-07,1.29558,2.22E-07,1.52931,2.22E-07,1.75695,2.22E-07,2.08222,2.22E-07,2.38979,2.22E-07,2.77728,2.22E-07,3.05349,2.22E-07,3.66418
2.23E-07,1.28914,2.23E-07,1.52076,2.23E-07,1.74662,2.23E-07,2.06955,2.23E-07,2.37501,2.23E-07,2.75976,2.23E-07,3.03423,2.23E-07,3.63835
2.24E-07,1.28285,2.24E-07,1.51232,2.24E-07,1.7364,2.24E-07,2.05696,2.24E-07,2.36028,2.24E-07,2.74251,2.24E-07,3.0151,2.24E-07,3.61391
2.25E-07,1.27665,2.25E-07,1.50399,2.25E-07,1.72632,2.25E-07,2.04461,2.25E-07,2.34584,2.25E-07,2.72537,2.25E-07,2.99616,2.25E-07,3.59126
2.26E-07,1.27052,2.26E-07,1.49578,2.26E-07,1.71639,2.26E-07,2.0324,2.26E-07,2.33152,2.26E-07,2.70856,2.26E-07,2.97758,2.26E-07,3.56869
2.27E-07,1.26453,2.27E-07,1.48768,2.27E-07,1.70661,2.27E-07,2.0203,2.27E-07,2.31737,2.27E-07,2.69181,2.27E-07,2.95901,2.27E-07,3.54639
2.28E-07,1.25865,2.28E-07,1.47969,2.28E-07,1.69693,2.28E-07,2.00837,2.28E-07,2.30344,2.28E-07,2.67543,2.28E-07,2.9409,2.28E-07,3.52455
2.29E-07,1.25292,2.29E-07,1.4718,2.29E-07,1.68738,2.29E-07,1.99663,2.29E-07,2.28959,2.29E-07,2.65907,2.29E-07,2.92284,2.29E-07,3.50278
2.30E-07,1.2474,2.30E-07,1.46402,2.30E-07,1.67794,2.30E-07,1.98499,2.30E-07,2.27602,2.30E-07,2.64308,2.30E-07,2.90508,2.30E-07,3.4812
2.31E-07,1.24203,2.31E-07,1.45634,2.31E-07,1.66862,2.31E-07,1.97346,2.31E-07,2.26255,2.31E-07,2.62712,2.31E-07,2.88749,2.31E-07,3.4601
2.32E-07,1.23687,2.32E-07,1.44878,2.32E-07,1.65941,2.32E-07,1.96215,2.32E-07,2.24922,2.32E-07,2.61149,2.32E-07,2.86966,2.32E-07,3.43853
2.33E-07,1.23183,2.33E-07,1.44133,2.33E-07,1.64987,2.33E-07,1.95067,2.33E-07,2.2358,2.33E-07,2.59516,2.33E-07,2.85166,2.33E-07,3.41723
2.34E-07,1.22696,2.34E-07,1.43397,2.34E-07,1.6409,2.34E-07,1.93959,2.34E-07,2.22279,2.34E-07,2.57949,2.34E-07,2.83592,2.34E-07,3.3963
2.35E-07,1.22223,2.35E-07,1.42671,2.35E-07,1.63205,2.35E-07,1.92835,2.35E-07,2.20932,2.35E-07,2.56547,2.35E-07,2.81877,2.35E-07,3.37643
2.36E-07,1.21766,2.36E-07,1.41954,2.36E-07,1.62331,2.36E-07,1.91757,2.36E-07,2.19764,2.36E-07,2.54975,2.36E-07,2.80132,2.36E-07,3.35742
2.37E-07,1.21323,2.37E-07,1.41246,2.37E-07,1.61469,2.37E-07,1.90745,2.37E-07,2.18476,2.37E-07,2.53461,2.37E-07,2.78621,2.37E-07,3.33663
2.38E-07,1.20896,2.38E-07,1.40547,2.38E-07,1.60617,2.38E-07,1.89664,2.38E-07,2.17232,2.38E-07,2.52068,2.38E-07,2.76914,2.38E-07,3.3169
2.39E-07,1.20482,2.39E-07,1.3986,2.39E-07,1.59754,2.39E-07,1.88594,2.39E-07,2.15951,2.39E-07,2.50555,2.39E-07,2.75318,2.39E-07,3.29716
2.40E-07,1.20085,2.40E-07,1.39182,2.40E-07,1.58923,2.40E-07,1.8753,2.40E-07,2.14741,2.40E-07,2.49121,2.40E-07,2.7373,2.40E-07,3.2789
2.41E-07,1.19701,2.41E-07,1.38512,2.41E-07,1.58102,2.41E-07,1.86585,2.41E-07,2.13604,2.41E-07,2.4782,2.41E-07,2.72247,2.41E-07,3.25901
2.42E-07,1.19334,2.42E-07,1.37849,2.42E-07,1.57352,2.42E-07,1.85555,2.42E-07,2.12427,2.42E-07,2.46317,2.42E-07,2.70619,2.42E-07,3.24169
2.43E-07,1.18981,2.43E-07,1.37197,2.43E-07,1.5655,2.43E-07,1.84537,2.43E-07,2.11229,2.43E-07,2.4504,2.43E-07,2.69167,2.43E-07,3.22213
2.44E-07,1.18643,2.44E-07,1.36555,2.44E-07,1.55758,2.44E-07,1.83555,2.44E-07,2.10129,2.44E-07,2.43643,2.44E-07,2.67577,2.44E-07,3.20434
2.45E-07,1.18324,2.45E-07,1.35919,2.45E-07,1.54976,2.45E-07,1.82559,2.45E-07,2.08934,2.45E-07,2.42221,2.45E-07,2.66042,2.45E-07,3.18565
2.46E-07,1.1802,2.46E-07,1.35291,2.46E-07,1.54185,2.46E-07,1.8167,2.46E-07,2.07808,2.46E-07,2.40958,2.46E-07,2.64639,2.46E-07,3.16869
2.47E-07,1.17732,2.47E-07,1.34674,2.47E-07,1.53404,2.47E-07,1.80722,2.47E-07,2.06747,2.47E-07,2.39572,2.47E-07,2.63134,2.47E-07,3.15046
2.48E-07,1.17465,2.48E-07,1.34064,2.48E-07,1.52651,2.48E-07,1.79779,2.48E-07,2.05608,2.48E-07,2.38329,2.48E-07,2.61765,2.48E-07,3.13249
2.49E-07,1.17218,2.49E-07,1.33468,2.49E-07,1.51944,2.49E-07,1.7883,2.49E-07,2.04466,2.49E-07,2.37011,2.49E-07,2.60257,2.49E-07,3.11599
2.50E-07,1.16992,2.50E-07,1.32888,2.50E-07,1.51189,2.50E-07,1.77891,2.50E-07,2.0347,2.50E-07,2.35733,2.50E-07,2.58811,2.50E-07,3.09836
2.51E-07,1.16979,2.51E-07,1.3232,2.51E-07,1.5047,2.51E-07,1.77027,2.51E-07,2.02401,2.51E-07,2.34507,2.51E-07,2.57503,2.51E-07,3.08055
2.52E-07,1.17526,2.52E-07,1.31764,2.52E-07,1.49754,2.52E-07,1.76147,2.52E-07,2.01334,2.52E-07,2.33269,2.52E-07,2.56117,2.52E-07,3.06454
2.53E-07,1.18135,2.53E-07,1.31223,2.53E-07,1.49038,2.53E-07,1.75254,2.53E-07,2.00316,2.53E-07,2.32043,2.53E-07,2.54743,2.53E-07,3.04713
2.54E-07,1.18713,2.54E-07,1.30696,2.54E-07,1.48347,2.54E-07,1.74373,2.54E-07,1.99284,2.54E-07,2.30823,2.54E-07,2.53372,2.54E-07,3.03063
2.55E-07,1.19315,2.55E-07,1.3018,2.55E-07,1.4765,2.55E-07,1.73506,2.55E-07,1.98246,2.55E-07,2.29606,2.55E-07,2.5204,2.55E-07,3.01441
2.56E-07,1.20068,2.56E-07,1.29673,2.56E-07,1.46967,2.56E-07,1.72664,2.56E-07,1.97254,2.56E-07,2.28401,2.56E-07,2.50717,2.56E-07,2.99945
2.57E-07,1.20624,2.57E-07,1.29182,2.57E-07,1.46278,2.57E-07,1.71807,2.57E-07,1.96257,2.57E-07,2.27231,2.57E-07,2.49406,2.57E-07,2.98317
2.58E-07,1.21395,2.58E-07,1.28701,2.58E-07,1.45616,2.58E-07,1.70968,2.58E-07,1.95263,2.58E-07,2.2607,2.58E-07,2.48121,2.58E-07,2.96657
2.59E-07,1.22078,2.59E-07,1.28234,2.59E-07,1.44952,2.59E-07,1.70142,2.59E-07,1.94292,2.59E-07,2.24898,2.59E-07,2.46831,2.59E-07,2.95178
2.60E-07,1.2267,2.60E-07,1.27776,2.60E-07,1.44301,2.60E-07,1.69318,2.60E-07,1.93324,2.60E-07,2.23742,2.60E-07,2.45546,2.60E-07,2.93593
2.61E-07,1.23301,2.61E-07,1.27332,2.61E-07,1.43654,2.61E-07,1.68514,2.61E-07,1.92366,2.61E-07,2.22625,2.61E-07,2.44297,2.61E-07,2.92028
2.62E-07,1.23954,2.62E-07,1.26897,2.62E-07,1.43021,2.62E-07,1.67721,2.62E-07,1.91408,2.62E-07,2.21497,2.62E-07,2.43051,2.62E-07,2.90629
2.63E-07,1.24651,2.63E-07,1.26474,2.63E-07,1.42389,2.63E-07,1.6693,2.63E-07,1.90494,2.63E-07,2.20395,2.63E-07,2.41809,2.63E-07,2.89093
2.64E-07,1.25388,2.64E-07,1.26062,2.64E-07,1.41768,2.64E-07,1.66137,2.64E-07,1.89566,2.64E-07,2.19284,2.64E-07,2.40605,2.64E-07,2.8754
2.65E-07,1.26038,2.65E-07,1.25662,2.65E-07,1.41146,2.65E-07,1.65371,2.65E-07,1.88648,2.65E-07,2.18203,2.65E-07,2.39398,2.65E-07,2.8618
2.66E-07,1.26486,2.66E-07,1.25273,2.66E-07,1.40542,2.66E-07,1.64588,2.66E-07,1.87736,2.66E-07,2.17121,2.66E-07,2.38194,2.66E-07,2.84696
2.67E-07,1.27167,2.67E-07,1.24895,2.67E-07,1.39949,2.67E-07,1.63833,2.67E-07,1.86845,2.67E-07,2.1607,2.67E-07,2.37021,2.67E-07,2.83253
2.68E-07,1.27776,2.68E-07,1.2453,2.68E-07,1.39363,2.68E-07,1.63086,2.68E-07,1.8596,2.68E-07,2.15014,2.68E-07,2.35853,2.68E-07,2.81801
2.69E-07,1.28221,2.69E-07,1.24176,2.69E-07,1.38806,2.69E-07,1.62348,2.69E-07,1.85076,2.69E-07,2.13965,2.69E-07,2.347,2.69E-07,2.8046
2.70E-07,1.28729,2.70E-07,1.23835,2.70E-07,1.38248,2.70E-07,1.61612,2.70E-07,1.84197,2.70E-07,2.12941,2.70E-07,2.33536,2.70E-07,2.79024
2.71E-07,1.29074,2.71E-07,1.23508,2.71E-07,1.377,2.71E-07,1.60871,2.71E-07,1.83351,2.71E-07,2.11917,2.71E-07,2.32408,2.71E-07,2.77577
2.72E-07,1.29339,2.72E-07,1.23192,2.72E-07,1.37164,2.72E-07,1.6016,2.72E-07,1.82495,2.72E-07,2.10906,2.72E-07,2.3129,2.72E-07,2.76275
2.73E-07,1.29598,2.73E-07,1.22892,2.73E-07,1.36639,2.73E-07,1.59452,2.73E-07,1.81662,2.73E-07,2.09912,2.73E-07,2.30181,2.73E-07,2.7486
2.74E-07,1.299,2.74E-07,1.22608,2.74E-07,1.36118,2.74E-07,1.58751,2.74E-07,1.80812,2.74E-07,2.08928,2.74E-07,2.29069,2.74E-07,2.73618
2.75E-07,1.30036,2.75E-07,1.22341,2.75E-07,1.35613,2.75E-07,1.58049,2.75E-07,1.79994,2.75E-07,2.07942,2.75E-07,2.27985,2.75E-07,2.7226
2.76E-07,1.30385,2.76E-07,1.22097,2.76E-07,1.35119,2.76E-07,1.57354,2.76E-07,1.79187,2.76E-07,2.06966,2.76E-07,2.26899,2.76E-07,2.70916
2.77E-07,1.30432,2.77E-07,1.22435,2.77E-07,1.34633,2.77E-07,1.56681,2.77E-07,1.78372,2.77E-07,2.06009,2.77E-07,2.25832,2.77E-07,2.69612
2.78E-07,1.32336,2.78E-07,1.2287,2.78E-07,1.34159,2.78E-07,1.56001,2.78E-07,1.77563,2.78E-07,2.05051,2.78E-07,2.24777,2.78E-07,2.68393
2.79E-07,1.33369,2.79E-07,1.23319,2.79E-07,1.33692,2.79E-07,1.55328,2.79E-07,1.76784,2.79E-07,2.041,2.79E-07,2.23746,2.79E-07,2.67085
2.80E-07,1.35408,2.80E-07,1.23778,2.80E-07,1.33237,2.80E-07,1.54676,2.80E-07,1.75983,2.80E-07,2.03176,2.80E-07,2.22693,2.80E-07,2.65819
2.81E-07,1.38848,2.81E-07,1.24267,2.81E-07,1.32788,2.81E-07,1.5401,2.81E-07,1.75214,2.81E-07,2.0225,2.81E-07,2.21662,2.81E-07,2.64542
2.82E-07,1.38833,2.82E-07,1.24807,2.82E-07,1.32352,2.82E-07,1.5337,2.82E-07,1.74442,2.82E-07,2.01339,2.82E-07,2.20641,2.82E-07,2.63272
2.83E-07,1.40838,2.83E-07,1.25314,2.83E-07,1.31922,2.83E-07,1.52721,2.83E-07,1.73685,2.83E-07,2.00438,2.83E-07,2.19646,2.83E-07,2.62104
2.84E-07,1.44932,2.84E-07,1.25782,2.84E-07,1.31503,2.84E-07,1.52084,2.84E-07,1.72926,2.84E-07,1.99541,2.84E-07,2.18653,2.84E-07,2.60863
2.85E-07,1.46252,2.85E-07,1.26384,2.85E-07,1.31093,2.85E-07,1.51466,2.85E-07,1.72188,2.85E-07,1.9864,2.85E-07,2.17663,2.85E-07,2.59629
2.86E-07,1.47975,2.86E-07,1.26793,2.86E-07,1.30692,2.86E-07,1.50846,2.86E-07,1.71453,2.86E-07,1.97775,2.86E-07,2.16676,2.86E-07,2.58494
2.87E-07,1.48827,2.87E-07,1.27402,2.87E-07,1.30301,2.87E-07,1.50225,2.87E-07,1.70711,2.87E-07,1.96894,2.87E-07,2.15707,2.87E-07,2.57287
2.88E-07,1.48489,2.88E-07,1.27854,2.88E-07,1.29918,2.88E-07,1.49613,2.88E-07,1.69996,2.88E-07,1.96035,2.88E-07,2.14751,2.88E-07,2.56176
2.89E-07,1.48799,2.89E-07,1.28261,2.89E-07,1.29547,2.89E-07,1.49018,2.89E-07,1.69265,2.89E-07,1.95175,2.89E-07,2.13797,2.89E-07,2.54986
2.90E-07,1.46418,2.90E-07,1.28791,2.90E-07,1.29185,2.90E-07,1.48442,2.90E-07,1.68566,2.90E-07,1.94333,2.90E-07,2.12866,2.90E-07,2.53783
2.91E-07,1.39569,2.91E-07,1.29336,2.91E-07,1.28833,2.91E-07,1.47862,2.91E-07,1.67864,2.91E-07,1.93487,2.91E-07,2.11919,2.91E-07,2.5264
2.92E-07,1.38585,2.92E-07,1.29811,2.92E-07,1.28492,2.92E-07,1.47294,2.92E-07,1.67166,2.92E-07,1.92654,2.92E-07,2.10994,2.92E-07,2.51596
2.93E-07,1.37307,2.93E-07,1.30237,2.93E-07,1.28161,2.93E-07,1.46733,2.93E-07,1.66473,2.93E-07,1.91839,2.93E-07,2.10094,2.93E-07,2.50452
2.94E-07,1.3573,2.94E-07,1.30562,2.94E-07,1.27843,2.94E-07,1.46186,2.94E-07,1.65793,2.94E-07,1.91014,2.94E-07,2.09177,2.94E-07,2.49293
2.95E-07,1.33867,2.95E-07,1.30904,2.95E-07,1.27538,2.95E-07,1.45648,2.95E-07,1.65114,2.95E-07,1.90203,2.95E-07,2.08279,2.95E-07,2.48279
2.96E-07,1.3173,2.96E-07,1.31393,2.96E-07,1.27246,2.96E-07,1.45117,2.96E-07,1.64439,2.96E-07,1.89403,2.96E-07,2.07386,2.96E-07,2.47164
2.97E-07,1.29368,2.97E-07,1.31764,2.97E-07,1.26974,2.97E-07,1.44604,2.97E-07,1.63771,2.97E-07,1.88627,2.97E-07,2.06514,2.97E-07,2.46055
2.98E-07,1.26493,2.98E-07,1.32022,2.98E-07,1.26729,2.98E-07,1.4409,2.98E-07,1.63104,2.98E-07,1.87839,2.98E-07,2.05641,2.98E-07,2.45045
2.99E-07,1.23614,2.99E-07,1.32288,2.99E-07,1.27012,2.99E-07,1.43586,2.99E-07,1.62456,2.99E-07,1.87056,2.99E-07,2.04768,2.99E-07,2.43935
3.00E-07,1.2101,3.00E-07,1.32716,3.00E-07,1.27385,3.00E-07,1.43089,3.00E-07,1.61822,3.00E-07,1.86292,3.00E-07,2.03905,3.00E-07,2.42861
3.01E-07,1.18675,3.01E-07,1.32954,3.01E-07,1.27773,3.01E-07,1.426,3.01E-07,1.61172,3.01E-07,1.85512,3.01E-07,2.03059,3.01E-07,2.41901
3.02E-07,1.1664,3.02E-07,1.33153,3.02E-07,1.28174,3.02E-07,1.42119,3.02E-07,1.60544,3.02E-07,1.8476,3.02E-07,2.02215,3.02E-07,2.40875
3.03E-07,1.14832,3.03E-07,1.33368,3.03E-07,1.28564,3.03E-07,1.41646,3.03E-07,1.59911,3.03E-07,1.84022,3.03E-07,2.01383,3.03E-07,2.3983
3.04E-07,1.13211,3.04E-07,1.33398,3.04E-07,1.28956,3.04E-07,1.41181,3.04E-07,1.59281,3.04E-07,1.83277,3.04E-07,2.00545,3.04E-07,2.38794
3.05E-07,1.11729,3.05E-07,1.33454,3.05E-07,1.29344,3.05E-07,1.40722,3.05E-07,1.58664,3.05E-07,1.8254,3.05E-07,1.99723,3.05E-07,2.37767
3.06E-07,1.10413,3.06E-07,1.33579,3.06E-07,1.29776,3.06E-07,1.40273,3.06E-07,1.58054,3.06E-07,1.81793,3.06E-07,1.98916,3.06E-07,2.3685
3.07E-07,1.09236,3.07E-07,1.33708,3.07E-07,1.3024,3.07E-07,1.39829,3.07E-07,1.57457,3.07E-07,1.81085,3.07E-07,1.98104,3.07E-07,2.35819
3.08E-07,1.08163,3.08E-07,1.33676,3.08E-07,1.30595,3.08E-07,1.39395,3.08E-07,1.5686,3.08E-07,1.80356,3.08E-07,1.97305,3.08E-07,2.34893
3.09E-07,1.07205,3.09E-07,1.33622,3.09E-07,1.31009,3.09E-07,1.38966,3.09E-07,1.56267,3.09E-07,1.79656,3.09E-07,1.9652,3.09E-07,2.33878
3.10E-07,1.06349,3.10E-07,1.33307,3.10E-07,1.31466,3.10E-07,1.38546,3.10E-07,1.55691,3.10E-07,1.78941,3.10E-07,1.95735,3.10E-07,2.32966
3.11E-07,1.05559,3.11E-07,1.34431,3.11E-07,1.31795,3.11E-07,1.38133,3.11E-07,1.55131,3.11E-07,1.78247,3.11E-07,1.94954,3.11E-07,2.31986
3.12E-07,1.04835,3.12E-07,1.36667,3.12E-07,1.32243,3.12E-07,1.37727,3.12E-07,1.54572,3.12E-07,1.77545,3.12E-07,1.9419,3.12E-07,2.31016
3.13E-07,1.04191,3.13E-07,1.37298,3.13E-07,1.32609,3.13E-07,1.37329,3.13E-07,1.5402,3.13E-07,1.76863,3.13E-07,1.93419,3.13E-07,2.30154
3.14E-07,1.03611,3.14E-07,1.39526,3.14E-07,1.32923,3.14E-07,1.36938,3.14E-07,1.53472,3.14E-07,1.76186,3.14E-07,1.92666,3.14E-07,2.29183
3.15E-07,1.03234,3.15E-07,1.39975,3.15E-07,1.33373,3.15E-07,1.36556,3.15E-07,1.52933,3.15E-07,1.75505,3.15E-07,1.9191,3.15E-07,2.28242
3.16E-07,1.03485,3.16E-07,1.41154,3.16E-07,1.33718,3.16E-07,1.3618,3.16E-07,1.52404,3.16E-07,1.74834,3.16E-07,1.91172,3.16E-07,2.274
3.17E-07,1.03713,3.17E-07,1.4343,3.17E-07,1.34033,3.17E-07,1.35813,3.17E-07,1.51883,3.17E-07,1.7418,3.17E-07,1.90424,3.17E-07,2.26474
3.18E-07,1.03922,3.18E-07,1.44032,3.18E-07,1.34309,3.18E-07,1.35454,3.18E-07,1.5137,3.18E-07,1.73514,3.18E-07,1.89705,3.18E-07,2.25557
3.19E-07,1.04109,3.19E-07,1.46376,3.19E-07,1.34602,3.19E-07,1.35102,3.19E-07,1.50862,3.19E-07,1.72865,3.19E-07,1.88973,3.19E-07,2.24666
3.20E-07,1.04279,3.20E-07,1.47264,3.20E-07,1.34916,3.20E-07,1.34761,3.20E-07,1.50363,3.20E-07,1.72221,3.20E-07,1.88256,3.20E-07,2.23831
3.21E-07,1.04432,3.21E-07,1.46807,3.21E-07,1.35244,3.21E-07,1.34428,3.21E-07,1.4987,3.21E-07,1.71582,3.21E-07,1.87531,3.21E-07,2.22938
3.22E-07,1.04569,3.22E-07,1.47191,3.22E-07,1.35527,3.22E-07,1.34104,3.22E-07,1.49385,3.22E-07,1.7094,3.22E-07,1.86826,3.22E-07,2.22052
3.23E-07,1.04694,3.23E-07,1.49999,3.23E-07,1.35648,3.23E-07,1.33792,3.23E-07,1.48905,3.23E-07,1.70313,3.23E-07,1.86117,3.23E-07,2.21237
3.24E-07,1.04804,3.24E-07,1.50235,3.24E-07,1.35864,3.24E-07,1.33491,3.24E-07,1.48433,3.24E-07,1.69691,3.24E-07,1.85424,3.24E-07,2.20365
3.25E-07,1.04905,3.25E-07,1.50662,3.25E-07,1.36172,3.25E-07,1.33209,3.25E-07,1.47967,3.25E-07,1.69069,3.25E-07,1.84736,3.25E-07,2.1948
3.26E-07,1.04994,3.26E-07,1.50455,3.26E-07,1.36208,3.26E-07,1.3295,3.26E-07,1.47508,3.26E-07,1.68459,3.26E-07,1.84057,3.26E-07,2.18642
3.27E-07,1.0507,3.27E-07,1.49168,3.27E-07,1.36452,3.27E-07,1.32707,3.27E-07,1.47055,3.27E-07,1.67856,3.27E-07,1.83369,3.27E-07,2.17874
3.28E-07,1.05141,3.28E-07,1.47811,3.28E-07,1.36613,3.28E-07,1.32878,3.28E-07,1.46609,3.28E-07,1.67238,3.28E-07,1.82711,3.28E-07,2.1699
3.29E-07,1.05201,3.29E-07,1.46333,3.29E-07,1.36613,3.29E-07,1.33192,3.29E-07,1.46169,3.29E-07,1.66649,3.29E-07,1.82041,3.29E-07,2.16214
3.30E-07,1.05253,3.30E-07,1.43522,3.30E-07,1.36642,3.30E-07,1.33491,3.30E-07,1.45735,3.30E-07,1.66054,3.30E-07,1.81373,3.30E-07,2.15379
3.31E-07,1.05299,3.31E-07,1.39193,3.31E-07,1.36688,3.31E-07,1.3381,3.31E-07,1.45307,3.31E-07,1.65466,3.31E-07,1.80718,3.31E-07,2.14617
3.32E-07,1.05337,3.32E-07,1.38601,3.32E-07,1.36766,3.32E-07,1.34131,3.32E-07,1.44886,3.32E-07,1.64885,3.32E-07,1.80065,3.32E-07,2.13781
3.33E-07,1.05369,3.33E-07,1.37785,3.33E-07,1.36873,3.33E-07,1.34451,3.33E-07,1.4447,3.33E-07,1.6433,3.33E-07,1.79413,3.33E-07,2.12991
3.34E-07,1.05396,3.34E-07,1.36739,3.34E-07,1.36775,3.34E-07,1.34765,3.34E-07,1.44062,3.34E-07,1.63761,3.34E-07,1.78771,3.34E-07,2.12208
3.35E-07,1.05416,3.35E-07,1.35457,3.35E-07,1.36698,3.35E-07,1.35105,3.35E-07,1.43659,3.35E-07,1.63207,3.35E-07,1.78138,3.35E-07,2.1147
3.36E-07,1.05431,3.36E-07,1.33936,3.36E-07,1.36561,3.36E-07,1.35427,3.36E-07,1.43263,3.36E-07,1.62664,3.36E-07,1.77509,3.36E-07,2.10679
3.37E-07,1.0544,3.37E-07,1.32163,3.37E-07,1.36606,3.37E-07,1.35778,3.37E-07,1.42873,3.37E-07,1.62119,3.37E-07,1.76888,3.37E-07,2.09894
3.38E-07,1.05443,3.38E-07,1.30119,3.38E-07,1.3647,3.38E-07,1.3608,3.38E-07,1.42489,3.38E-07,1.61586,3.38E-07,1.7626,3.38E-07,2.09131
3.39E-07,1.05437,3.39E-07,1.27588,3.39E-07,1.36297,3.39E-07,1.36365,3.39E-07,1.42112,3.39E-07,1.6106,3.39E-07,1.75649,3.39E-07,2.08416
3.40E-07,1.05416,3.40E-07,1.25205,3.40E-07,1.36066,3.40E-07,1.367,3.40E-07,1.41741,3.40E-07,1.60539,3.40E-07,1.75039,3.40E-07,2.07667
3.41E-07,1.05437,3.41E-07,1.23101,3.41E-07,1.37213,3.41E-07,1.37043,3.41E-07,1.41377,3.41E-07,1.60032,3.41E-07,1.74432,3.41E-07,2.06889
3.42E-07,1.05826,3.42E-07,1.21111,3.42E-07,1.38044,3.42E-07,1.37287,3.42E-07,1.41019,3.42E-07,1.59524,3.42E-07,1.73826,3.42E-07,2.06153
3.43E-07,1.05709,3.43E-07,1.19356,3.43E-07,1.39637,3.43E-07,1.37609,3.43E-07,1.40669,3.43E-07,1.59019,3.43E-07,1.73229,3.43E-07,2.05474
3.44E-07,1.05481,3.44E-07,1.17716,3.44E-07,1.41678,3.44E-07,1.3788,3.44E-07,1.40326,3.44E-07,1.58524,3.44E-07,1.72642,3.44E-07,2.04714
3.45E-07,1.05094,3.45E-07,1.16223,3.45E-07,1.41982,3.45E-07,1.38174,3.45E-07,1.3999,3.45E-07,1.58034,3.45E-07,1.72054,3.45E-07,2.03996
,,3.46E-07,1.14852,3.46E-07,1.43766,3.46E-07,1.38413,3.46E-07,1.39663,3.46E-07,1.57551,3.46E-07,1.71477,3.46E-07,2.03266
,,3.47E-07,1.13613,3.47E-07,1.43745,3.47E-07,1.38716,3.47E-07,1.39343,3.47E-07,1.57073,3.47E-07,1.70904,3.47E-07,2.02611
,,3.48E-07,1.12446,3.48E-07,1.44234,3.48E-07,1.38914,3.48E-07,1.39033,3.48E-07,1.56602,3.48E-07,1.70333,3.48E-07,2.01892
,,3.49E-07,1.11369,3.49E-07,1.45614,3.49E-07,1.39192,3.49E-07,1.38737,3.49E-07,1.56135,3.49E-07,1.69768,3.49E-07,2.01187
,,3.50E-07,1.10382,3.50E-07,1.47643,3.50E-07,1.39452,3.50E-07,1.38458,3.50E-07,1.55675,3.50E-07,1.69212,3.50E-07,2.00461
,,3.51E-07,1.09473,3.51E-07,1.4638,3.51E-07,1.39624,3.51E-07,1.38195,3.51E-07,1.55219,3.51E-07,1.68667,3.51E-07,1.9981
,,3.52E-07,1.08632,3.52E-07,1.48077,3.52E-07,1.39798,3.52E-07,1.37946,3.52E-07,1.5477,3.52E-07,1.68136,3.52E-07,1.99094
,,3.53E-07,1.07872,3.53E-07,1.48089,3.53E-07,1.39988,3.53E-07,1.37709,3.53E-07,1.54325,3.53E-07,1.67603,3.53E-07,1.98418
,,3.54E-07,1.07136,3.54E-07,1.49564,3.54E-07,1.40166,3.54E-07,1.37862,3.54E-07,1.53887,3.54E-07,1.67076,3.54E-07,1.97764
,,3.55E-07,1.06475,3.55E-07,1.48362,3.55E-07,1.40337,3.55E-07,1.38112,3.55E-07,1.53453,3.55E-07,1.66554,3.55E-07,1.97083
,,3.56E-07,1.0585,3.56E-07,1.49479,3.56E-07,1.40481,3.56E-07,1.38374,3.56E-07,1.53025,3.56E-07,1.6604,3.56E-07,1.96472
,,3.57E-07,1.05289,3.57E-07,1.51329,3.57E-07,1.40608,3.57E-07,1.3863,3.57E-07,1.52602,3.57E-07,1.65531,3.57E-07,1.958
,,3.58E-07,1.0475,3.58E-07,1.50905,3.58E-07,1.40756,3.58E-07,1.38907,3.58E-07,1.52184,3.58E-07,1.65028,3.58E-07,1.95129
,,3.59E-07,1.04259,3.59E-07,1.51563,3.59E-07,1.40935,3.59E-07,1.39171,3.59E-07,1.51771,3.59E-07,1.6453,3.59E-07,1.94483
,,3.60E-07,1.03797,3.60E-07,1.49587,3.60E-07,1.41061,3.60E-07,1.39433,3.60E-07,1.51364,3.60E-07,1.64037,3.60E-07,1.93841
,,3.61E-07,1.03379,3.61E-07,1.50775,3.61E-07,1.41011,3.61E-07,1.39698,3.61E-07,1.50961,3.61E-07,1.63551,3.61E-07,1.93252
,,3.62E-07,1.03578,3.62E-07,1.49902,3.62E-07,1.41176,3.62E-07,1.39967,3.62E-07,1.50564,3.62E-07,1.63064,3.62E-07,1.92589
,,3.63E-07,1.03756,3.63E-07,1.48163,3.63E-07,1.41146,3.63E-07,1.40237,3.63E-07,1.50171,3.63E-07,1.62588,3.63E-07,1.91947
,,3.64E-07,1.03928,3.64E-07,1.46906,3.64E-07,1.41254,3.64E-07,1.40498,3.64E-07,1.49785,3.64E-07,1.62117,3.64E-07,1.91324
,,3.65E-07,1.04082,3.65E-07,1.44786,3.65E-07,1.41158,3.65E-07,1.40766,3.65E-07,1.49403,3.65E-07,1.61649,3.65E-07,1.90752
,,3.66E-07,1.04226,3.66E-07,1.40406,3.66E-07,1.41286,3.66E-07,1.41027,3.66E-07,1.49027,3.66E-07,1.61189,3.66E-07,1.90122
,,3.67E-07,1.0436,3.67E-07,1.38856,3.67E-07,1.41256,3.67E-07,1.41265,3.67E-07,1.48656,3.67E-07,1.60733,3.67E-07,1.89483
,,3.68E-07,1.04483,3.68E-07,1.38521,3.68E-07,1.41139,3.68E-07,1.41502,3.68E-07,1.48289,3.68E-07,1.60283,3.68E-07,1.88909
,,3.69E-07,1.04598,3.69E-07,1.3802,3.69E-07,1.41062,3.69E-07,1.41754,3.69E-07,1.4793,3.69E-07,1.59837,3.69E-07,1.88289
,,3.70E-07,1.04703,3.70E-07,1.37344,3.70E-07,1.40984,3.70E-07,1.42017,3.70E-07,1.47574,3.70E-07,1.59397,3.70E-07,1.87678
,,3.71E-07,1.04799,3.71E-07,1.36486,3.71E-07,1.40919,3.71E-07,1.42217,3.71E-07,1.47225,3.71E-07,1.58961,3.71E-07,1.87126
,,3.72E-07,1.04888,3.72E-07,1.35439,3.72E-07,1.40877,3.72E-07,1.42439,3.72E-07,1.46881,3.72E-07,1.58531,3.72E-07,1.86539
,,3.73E-07,1.04969,3.73E-07,1.34191,3.73E-07,1.40772,3.73E-07,1.42693,3.73E-07,1.46542,3.73E-07,1.58104,3.73E-07,1.85941
,,3.74E-07,1.05043,3.74E-07,1.32724,3.74E-07,1.40492,3.74E-07,1.42857,3.74E-07,1.46211,3.74E-07,1.57683,3.74E-07,1.85346
,,3.75E-07,1.0511,3.75E-07,1.31017,3.75E-07,1.40467,3.75E-07,1.43109,3.75E-07,1.45886,3.75E-07,1.57266,3.75E-07,1.84753
,,3.76E-07,1.05171,3.76E-07,1.28869,3.76E-07,1.4015,3.76E-07,1.43245,3.76E-07,1.45566,3.76E-07,1.56854,3.76E-07,1.84211
,,3.77E-07,1.05226,3.77E-07,1.26839,3.77E-07,1.40094,3.77E-07,1.43497,3.77E-07,1.45256,3.77E-07,1.56446,3.77E-07,1.83639
,,3.78E-07,1.05275,3.78E-07,1.25005,3.78E-07,1.39865,3.78E-07,1.43615,3.78E-07,1.44951,3.78E-07,1.56044,3.78E-07,1.83075
,,3.79E-07,1.05318,3.79E-07,1.233,3.79E-07,1.39585,3.79E-07,1.43814,3.79E-07,1.44662,3.79E-07,1.55645,3.79E-07,1.82514
,,3.80E-07,1.05357,3.80E-07,1.21716,3.80E-07,1.40945,3.80E-07,1.43976,3.80E-07,1.44387,3.80E-07,1.55251,3.80E-07,1.8196
,,3.81E-07,1.05391,3.81E-07,1.20232,3.81E-07,1.41574,3.81E-07,1.4409,3.81E-07,1.44123,3.81E-07,1.54862,3.81E-07,1.81413
,,3.82E-07,1.05419,3.82E-07,1.18853,3.82E-07,1.41787,3.82E-07,1.44249,3.82E-07,1.4387,3.82E-07,1.54477,3.82E-07,1.80872
,,3.83E-07,1.05443,3.83E-07,1.17562,3.83E-07,1.42136,3.83E-07,1.44438,3.83E-07,1.43626,3.83E-07,1.54097,3.83E-07,1.80337
,,3.84E-07,1.05462,3.84E-07,1.16357,3.84E-07,1.42726,3.84E-07,1.44524,3.84E-07,1.43391,3.84E-07,1.53721,3.84E-07,1.79807
,,3.85E-07,1.05475,3.85E-07,1.15238,3.85E-07,1.43599,3.85E-07,1.44619,3.85E-07,1.4319,3.85E-07,1.53351,3.85E-07,1.79284
,,3.86E-07,1.05482,3.86E-07,1.14206,3.86E-07,1.44834,3.86E-07,1.44687,3.86E-07,1.43406,3.86E-07,1.52984,3.86E-07,1.78765
,,3.87E-07,1.05479,3.87E-07,1.1323,3.87E-07,1.46234,3.87E-07,1.44777,3.87E-07,1.43611,3.87E-07,1.52623,3.87E-07,1.78251
,,3.88E-07,1.05445,3.88E-07,1.12315,3.88E-07,1.45927,3.88E-07,1.44854,3.88E-07,1.43818,3.88E-07,1.52266,3.88E-07,1.77743
,,3.89E-07,1.05655,3.89E-07,1.11452,3.89E-07,1.47281,3.89E-07,1.44921,3.89E-07,1.44035,3.89E-07,1.51913,3.89E-07,1.7724
,,3.90E-07,1.05919,3.90E-07,1.10654,3.90E-07,1.46432,3.90E-07,1.44998,3.90E-07,1.44258,3.90E-07,1.51566,3.90E-07,1.76741
,,3.91E-07,1.0585,3.91E-07,1.09895,3.91E-07,1.48518,3.91E-07,1.45079,3.91E-07,1.44471,3.91E-07,1.51223,3.91E-07,1.76249
,,3.92E-07,1.05662,3.92E-07,1.09179,3.92E-07,1.49397,3.92E-07,1.45143,3.92E-07,1.44692,3.92E-07,1.50886,3.92E-07,1.7576
,,3.93E-07,1.05379,3.93E-07,1.08526,3.93E-07,1.49832,3.93E-07,1.45095,3.93E-07,1.449,3.93E-07,1.50553,3.93E-07,1.75276
,,3.94E-07,1.05089,3.94E-07,1.07902,3.94E-07,1.49089,3.94E-07,1.45071,3.94E-07,1.45117,3.94E-07,1.50225,3.94E-07,1.74797
,,3.95E-07,1.04744,3.95E-07,1.07314,3.95E-07,1.50156,3.95E-07,1.45148,3.95E-07,1.45328,3.95E-07,1.49904,3.95E-07,1.74322
,,3.96E-07,1.04454,3.96E-07,1.06765,3.96E-07,1.50517,3.96E-07,1.45082,3.96E-07,1.45537,3.96E-07,1.49588,3.96E-07,1.73853
,,3.97E-07,1.04279,3.97E-07,1.06246,3.97E-07,1.51758,3.97E-07,1.45057,3.97E-07,1.45745,3.97E-07,1.49278,3.97E-07,1.73387
,,3.98E-07,1.0432,3.98E-07,1.05763,3.98E-07,1.52085,3.98E-07,1.45049,3.98E-07,1.45949,3.98E-07,1.48979,3.98E-07,1.72926
,,3.99E-07,1.04506,3.99E-07,1.05293,3.99E-07,1.52012,3.99E-07,1.4499,3.99E-07,1.46145,3.99E-07,1.48685,3.99E-07,1.72469
,,4.00E-07,1.04789,4.00E-07,1.04861,4.00E-07,1.51321,4.00E-07,1.44863,4.00E-07,1.46347,4.00E-07,1.48404,4.00E-07,1.72016
,,4.01E-07,1.04936,4.01E-07,1.04455,4.01E-07,1.51368,4.01E-07,1.44903,4.01E-07,1.4653,4.01E-07,1.48134,4.01E-07,1.71568
,,4.02E-07,1.05103,4.02E-07,1.0408,4.02E-07,1.51366,4.02E-07,1.44771,4.02E-07,1.46729,4.02E-07,1.47873,4.02E-07,1.71124
,,4.03E-07,1.0523,4.03E-07,1.03718,4.03E-07,1.52008,4.03E-07,1.44611,4.03E-07,1.46919,4.03E-07,1.47621,4.03E-07,1.70684
,,4.04E-07,1.05239,4.04E-07,1.03468,4.04E-07,1.50873,4.04E-07,1.44486,4.04E-07,1.47097,4.04E-07,1.47377,4.04E-07,1.70248
,,4.05E-07,1.0516,4.05E-07,1.03622,4.05E-07,1.51172,4.05E-07,1.44367,4.05E-07,1.47268,4.05E-07,1.47141,4.05E-07,1.69816
,,4.06E-07,1.05027,4.06E-07,1.03763,4.06E-07,1.5191,4.06E-07,1.44234,4.06E-07,1.47427,4.06E-07,1.46912,4.06E-07,1.69389
,,4.07E-07,1.04836,4.07E-07,1.03899,4.07E-07,1.50771,4.07E-07,1.44074,4.07E-07,1.47608,4.07E-07,1.46691,4.07E-07,1.68964
,,4.08E-07,1.04584,4.08E-07,1.04026,4.08E-07,1.51007,4.08E-07,1.43917,4.08E-07,1.47767,4.08E-07,1.46769,4.08E-07,1.68545
,,4.09E-07,1.04288,4.09E-07,1.04144,4.09E-07,1.50667,4.09E-07,1.43803,4.09E-07,1.47908,4.09E-07,1.46947,4.09E-07,1.68128
,,4.10E-07,1.03953,4.10E-07,1.04256,4.10E-07,1.48943,4.10E-07,1.43663,4.10E-07,1.48074,4.10E-07,1.47122,4.10E-07,1.67716
,,4.11E-07,1.03599,4.11E-07,1.04359,4.11E-07,1.48377,4.11E-07,1.43352,4.11E-07,1.48199,4.11E-07,1.47314,4.11E-07,1.67307
,,4.12E-07,1.03224,4.12E-07,1.04458,4.12E-07,1.47686,4.12E-07,1.43247,4.12E-07,1.48337,4.12E-07,1.47513,4.12E-07,1.66903
,,4.13E-07,1.02857,4.13E-07,1.04549,4.13E-07,1.46147,4.13E-07,1.42924,4.13E-07,1.48472,4.13E-07,1.477,4.13E-07,1.66501
,,4.14E-07,1.02498,4.14E-07,1.04634,4.14E-07,1.44345,4.14E-07,1.4281,4.14E-07,1.48581,4.14E-07,1.4788,4.14E-07,1.66104
,,4.15E-07,1.0216,4.15E-07,1.04715,4.15E-07,1.42223,4.15E-07,1.42491,4.15E-07,1.48706,4.15E-07,1.48057,4.15E-07,1.6571
,,4.16E-07,1.01846,4.16E-07,1.04788,4.16E-07,1.38384,4.16E-07,1.43146,4.16E-07,1.48809,4.16E-07,1.48243,4.16E-07,1.65321
,,4.17E-07,1.01569,4.17E-07,1.04857,4.17E-07,1.38339,4.17E-07,1.43371,4.17E-07,1.48898,4.17E-07,1.48429,4.17E-07,1.64934
,,4.18E-07,1.01326,4.18E-07,1.0492,4.18E-07,1.3819,4.18E-07,1.44156,4.18E-07,1.49028,4.18E-07,1.48611,4.18E-07,1.64552
,,4.19E-07,1.01119,4.19E-07,1.04978,4.19E-07,1.3793,4.19E-07,1.44939,4.19E-07,1.49063,4.19E-07,1.4879,4.19E-07,1.64172
,,4.20E-07,1.00959,4.20E-07,1.05032,4.20E-07,1.37553,4.20E-07,1.44833,4.20E-07,1.49151,4.20E-07,1.48973,4.20E-07,1.63797
,,4.21E-07,1.00836,4.21E-07,1.05082,4.21E-07,1.37051,4.21E-07,1.45274,4.21E-07,1.49268,4.21E-07,1.49148,4.21E-07,1.63425
,,4.22E-07,1.00757,4.22E-07,1.05128,4.22E-07,1.36419,4.22E-07,1.46567,4.22E-07,1.49298,4.22E-07,1.49319,4.22E-07,1.63056
,,4.23E-07,1.00717,4.23E-07,1.05169,4.23E-07,1.35649,4.23E-07,1.47276,4.23E-07,1.49329,4.23E-07,1.49483,4.23E-07,1.62691
,,4.24E-07,1.00723,4.24E-07,1.05205,4.24E-07,1.34732,4.24E-07,1.47794,4.24E-07,1.4938,4.24E-07,1.49644,4.24E-07,1.6233
,,4.25E-07,1.00737,4.25E-07,1.05238,4.25E-07,1.33652,4.25E-07,1.48066,4.25E-07,1.49442,4.25E-07,1.49811,4.25E-07,1.61972
,,4.26E-07,1.00739,4.26E-07,1.05268,4.26E-07,1.32379,4.26E-07,1.47471,4.26E-07,1.49504,4.26E-07,1.49967,4.26E-07,1.61618
,,4.27E-07,1.00722,4.27E-07,1.05293,4.27E-07,1.30762,4.27E-07,1.48555,4.27E-07,1.49531,4.27E-07,1.50123,4.27E-07,1.61267
,,4.28E-07,1.00689,4.28E-07,1.05313,4.28E-07,1.29078,4.28E-07,1.49818,4.28E-07,1.49541,4.28E-07,1.50274,4.28E-07,1.6092
,,4.29E-07,1.00647,4.29E-07,1.05329,4.29E-07,1.27517,4.29E-07,1.48758,4.29E-07,1.49547,4.29E-07,1.50418,4.29E-07,1.60576
,,4.30E-07,1.00597,4.30E-07,1.05339,4.30E-07,1.26051,4.30E-07,1.50696,4.30E-07,1.49551,4.30E-07,1.50557,4.30E-07,1.60237
,,4.31E-07,1.00545,4.31E-07,1.05339,4.31E-07,1.24666,4.31E-07,1.50356,4.31E-07,1.49543,4.31E-07,1.50693,4.31E-07,1.599
,,4.32E-07,1.00493,4.32E-07,1.05306,4.32E-07,1.23363,4.32E-07,1.49866,4.32E-07,1.49497,4.32E-07,1.50827,4.32E-07,1.59567
,,4.33E-07,1.00443,4.33E-07,1.05595,4.33E-07,1.22115,4.33E-07,1.50498,4.33E-07,1.49426,4.33E-07,1.50948,4.33E-07,1.59238
,,4.34E-07,1.00396,4.34E-07,1.05764,4.34E-07,1.20958,4.34E-07,1.50659,4.34E-07,1.49382,4.34E-07,1.51071,4.34E-07,1.58913
,,4.35E-07,1.00353,4.35E-07,1.05776,4.35E-07,1.19838,4.35E-07,1.51038,4.35E-07,1.49375,4.35E-07,1.51198,4.35E-07,1.58591
,,4.36E-07,1.00315,4.36E-07,1.05652,4.36E-07,1.18783,4.36E-07,1.52415,4.36E-07,1.49369,4.36E-07,1.51298,4.36E-07,1.58273
,,4.37E-07,1.00282,4.37E-07,1.05527,4.37E-07,1.17798,4.37E-07,1.52472,4.37E-07,1.49236,4.37E-07,1.51404,4.37E-07,1.5796
,,4.38E-07,1.00253,4.38E-07,1.05309,4.38E-07,1.16858,4.38E-07,1.52917,4.38E-07,1.49172,4.38E-07,1.51509,4.38E-07,1.5765
,,4.39E-07,1.00228,4.39E-07,1.05067,4.39E-07,1.15983,4.39E-07,1.52087,4.39E-07,1.49167,4.39E-07,1.51592,4.39E-07,1.57344
,,4.40E-07,1.00207,4.40E-07,1.04816,4.40E-07,1.15125,4.40E-07,1.51829,4.40E-07,1.48991,4.40E-07,1.51703,4.40E-07,1.57043
,,4.41E-07,1.00189,4.41E-07,1.04531,4.41E-07,1.14324,4.41E-07,1.52393,4.41E-07,1.48985,4.41E-07,1.51761,4.41E-07,1.56746
,,4.42E-07,1.00173,4.42E-07,1.04324,4.42E-07,1.13566,4.42E-07,1.53581,4.42E-07,1.48798,4.42E-07,1.51864,4.42E-07,1.56454
,,4.43E-07,1.00159,4.43E-07,1.04252,4.43E-07,1.1284,4.43E-07,1.52509,4.43E-07,1.48774,4.43E-07,1.51908,4.43E-07,1.56168
,,4.44E-07,1.00147,4.44E-07,1.04278,4.44E-07,1.12144,4.44E-07,1.5375,4.44E-07,1.48607,4.44E-07,1.51998,4.44E-07,1.5589
,,4.45E-07,1.00136,4.45E-07,1.04401,4.45E-07,1.11492,4.45E-07,1.53732,4.45E-07,1.48442,4.45E-07,1.52032,4.45E-07,1.55621
,,4.46E-07,1.00127,4.46E-07,1.0457,4.46E-07,1.10877,4.46E-07,1.52919,4.46E-07,1.48391,4.46E-07,1.52085,4.46E-07,1.5536
,,4.47E-07,1.00118,4.47E-07,1.04761,4.47E-07,1.10284,4.47E-07,1.53161,4.47E-07,1.4824,4.47E-07,1.52157,4.47E-07,1.55105
,,4.48E-07,1.0011,4.48E-07,1.04942,4.48E-07,1.09722,4.48E-07,1.52351,4.48E-07,1.48049,4.48E-07,1.52161,4.48E-07,1.54857
,,4.49E-07,1.00102,4.49E-07,1.05096,4.49E-07,1.09177,4.49E-07,1.52729,4.49E-07,1.47867,4.49E-07,1.52203,4.49E-07,1.54615
,,4.50E-07,1.00096,4.50E-07,1.05211,4.50E-07,1.08669,4.50E-07,1.51638,4.50E-07,1.47685,4.50E-07,1.52268,4.50E-07,1.54378
,,4.51E-07,1.00089,4.51E-07,1.05274,4.51E-07,1.08183,4.51E-07,1.513,4.51E-07,1.47505,4.51E-07,1.52263,4.51E-07,1.54148
,,4.52E-07,1.00083,4.52E-07,1.05285,4.52E-07,1.07712,4.52E-07,1.51663,4.52E-07,1.47332,4.52E-07,1.52257,4.52E-07,1.53922
,,4.53E-07,1.00078,4.53E-07,1.0525,4.53E-07,1.0727,4.53E-07,1.5118,4.53E-07,1.47159,4.53E-07,1.52266,4.53E-07,1.53702
,,4.54E-07,1.00144,4.54E-07,1.05148,4.54E-07,1.06851,4.54E-07,1.50163,4.54E-07,1.47003,4.54E-07,1.52282,4.54E-07,1.53487
,,4.55E-07,1.00181,4.55E-07,1.04986,4.55E-07,1.06444,4.55E-07,1.49604,4.55E-07,1.46818,4.55E-07,1.52295,4.55E-07,1.53276
,,4.56E-07,1.00187,4.56E-07,1.04786,4.56E-07,1.0606,4.56E-07,1.48745,4.56E-07,1.46538,4.56E-07,1.52301,4.56E-07,1.53072
,,4.57E-07,1.00188,4.57E-07,1.04551,4.57E-07,1.05698,4.57E-07,1.47573,4.57E-07,1.46318,4.57E-07,1.52284,4.57E-07,1.52984
,,4.58E-07,1.00187,4.58E-07,1.04289,4.58E-07,1.05348,4.58E-07,1.46751,4.58E-07,1.46152,4.58E-07,1.52259,4.58E-07,1.53126
,,4.59E-07,1.00186,4.59E-07,1.04006,4.59E-07,1.05014,4.59E-07,1.45482,4.59E-07,1.45827,4.59E-07,1.52229,4.59E-07,1.5326
,,4.60E-07,1.00186,4.60E-07,1.03697,4.60E-07,1.04693,4.60E-07,1.44052,4.60E-07,1.45669,4.60E-07,1.52194,4.60E-07,1.53403
,,4.61E-07,1.00185,4.61E-07,1.03381,4.61E-07,1.04386,4.61E-07,1.42317,4.61E-07,1.4536,4.61E-07,1.52142,4.61E-07,1.53549
,,4.62E-07,1.00184,4.62E-07,1.0306,4.62E-07,1.04095,4.62E-07,1.40181,4.62E-07,1.45748,4.62E-07,1.52064,4.62E-07,1.53678
,,4.63E-07,1.00183,4.63E-07,1.02743,4.63E-07,1.03822,4.63E-07,1.38003,4.63E-07,1.46475,4.63E-07,1.51983,4.63E-07,1.53815
,,4.64E-07,1.00182,4.64E-07,1.02439,4.64E-07,1.03557,4.64E-07,1.38013,4.64E-07,1.46202,4.64E-07,1.51917,4.64E-07,1.53958
,,4.65E-07,1.00181,4.65E-07,1.02145,4.65E-07,1.03408,4.65E-07,1.3795,4.65E-07,1.47357,4.65E-07,1.51875,4.65E-07,1.54098
,,4.66E-07,1.00181,4.66E-07,1.01876,4.66E-07,1.0352,4.66E-07,1.37808,4.66E-07,1.46971,4.66E-07,1.51833,4.66E-07,1.54228
,,4.67E-07,1.0018,4.67E-07,1.01632,4.67E-07,1.03625,4.67E-07,1.37584,4.67E-07,1.48217,4.67E-07,1.51693,4.67E-07,1.54355
,,4.68E-07,1.00179,4.68E-07,1.01409,4.68E-07,1.03723,4.68E-07,1.37272,4.68E-07,1.48173,4.68E-07,1.51595,4.68E-07,1.54485
,,4.69E-07,1.00178,4.69E-07,1.01214,4.69E-07,1.03819,4.69E-07,1.36868,4.69E-07,1.48069,4.69E-07,1.51563,4.69E-07,1.54622
,,4.70E-07,1.00177,4.70E-07,1.01047,4.70E-07,1.03908,4.70E-07,1.36367,4.70E-07,1.49377,4.70E-07,1.51394,4.70E-07,1.54757
,,4.71E-07,1.00177,4.71E-07,1.00912,4.71E-07,1.03994,4.71E-07,1.35763,4.71E-07,1.49735,4.71E-07,1.51328,4.71E-07,1.54878
,,4.72E-07,1.00176,4.72E-07,1.00809,4.72E-07,1.04076,4.72E-07,1.35048,4.72E-07,1.49889,4.72E-07,1.51179,4.72E-07,1.55005
,,4.73E-07,1.00175,4.73E-07,1.00737,4.73E-07,1.04153,4.73E-07,1.34214,4.73E-07,1.50093,4.73E-07,1.51091,4.73E-07,1.55119
,,4.74E-07,1.00174,4.74E-07,1.00697,4.74E-07,1.04225,4.74E-07,1.33241,4.74E-07,1.50429,4.74E-07,1.50918,4.74E-07,1.5524
,,4.75E-07,1.00173,4.75E-07,1.00685,4.75E-07,1.04295,4.75E-07,1.32082,4.75E-07,1.50916,4.75E-07,1.50849,4.75E-07,1.55355
,,4.76E-07,1.00173,4.76E-07,1.00707,4.76E-07,1.0436,4.76E-07,1.30658,4.76E-07,1.51487,4.76E-07,1.50649,4.76E-07,1.55465
,,4.77E-07,1.00172,4.77E-07,1.00726,4.77E-07,1.04423,4.77E-07,1.29334,4.77E-07,1.51798,4.77E-07,1.50511,4.77E-07,1.55576
,,4.78E-07,1.00171,4.78E-07,1.0073,4.78E-07,1.04481,4.78E-07,1.28036,4.78E-07,1.50807,4.78E-07,1.50415,4.78E-07,1.55685
,,4.79E-07,1.0017,4.79E-07,1.00719,4.79E-07,1.04536,4.79E-07,1.26815,4.79E-07,1.52128,4.79E-07,1.50227,4.79E-07,1.5579
,,4.80E-07,1.0017,4.80E-07,1.00697,4.80E-07,1.04587,4.80E-07,1.25659,4.80E-07,1.52411,4.80E-07,1.50026,4.80E-07,1.55893
,,4.81E-07,1.00169,4.81E-07,1.00667,4.81E-07,1.04635,4.81E-07,1.2454,4.81E-07,1.52586,4.81E-07,1.49842,4.81E-07,1.55996
,,4.82E-07,1.00168,4.82E-07,1.0063,4.82E-07,1.04681,4.82E-07,1.23485,4.82E-07,1.52163,4.82E-07,1.49667,4.82E-07,1.56094
,,4.83E-07,1.00167,4.83E-07,1.00588,4.83E-07,1.04723,4.83E-07,1.22468,4.83E-07,1.535,4.83E-07,1.49499,4.83E-07,1.56186
,,4.84E-07,1.00167,4.84E-07,1.00545,4.84E-07,1.04762,4.84E-07,1.21515,4.84E-07,1.53543,4.84E-07,1.49311,4.84E-07,1.56279
,,4.85E-07,1.00166,4.85E-07,1.005,4.85E-07,1.04799,4.85E-07,1.20592,4.85E-07,1.53471,4.85E-07,1.49102,4.85E-07,1.56364
,,4.86E-07,1.00165,4.86E-07,1.00458,4.86E-07,1.04832,4.86E-07,1.1971,4.86E-07,1.53622,4.86E-07,1.489,4.86E-07,1.56442
,,4.87E-07,1.00164,4.87E-07,1.00417,4.87E-07,1.04863,4.87E-07,1.18861,4.87E-07,1.5404,4.87E-07,1.48707,4.87E-07,1.56524
,,4.88E-07,1.00164,4.88E-07,1.00379,4.88E-07,1.04891,4.88E-07,1.18059,4.88E-07,1.54445,4.88E-07,1.48536,4.88E-07,1.56598
,,4.89E-07,1.00163,4.89E-07,1.00344,4.89E-07,1.04916,4.89E-07,1.17287,4.89E-07,1.53573,4.89E-07,1.4834,4.89E-07,1.56672
,,4.90E-07,1.00162,4.90E-07,1.00312,4.90E-07,1.04937,4.90E-07,1.16551,4.90E-07,1.54278,4.90E-07,1.48045,4.90E-07,1.5674
,,4.91E-07,1.00161,4.91E-07,1.00283,4.91E-07,1.04955,4.91E-07,1.15829,4.91E-07,1.53906,4.91E-07,1.47844,4.91E-07,1.56803
,,4.92E-07,1.00161,4.92E-07,1.00257,4.92E-07,1.04968,4.92E-07,1.15159,4.92E-07,1.54848,4.92E-07,1.47647,4.92E-07,1.56863
,,4.93E-07,1.0016,4.93E-07,1.00235,4.93E-07,1.04974,4.93E-07,1.14502,4.93E-07,1.54604,4.93E-07,1.47357,4.93E-07,1.56924
,,4.94E-07,1.00159,4.94E-07,1.00216,4.94E-07,1.04964,4.94E-07,1.13886,4.94E-07,1.545,4.94E-07,1.47161,4.94E-07,1.56974
,,4.95E-07,1.00159,4.95E-07,1.00198,4.95E-07,1.05086,4.95E-07,1.13287,4.95E-07,1.5475,4.95E-07,1.47323,4.95E-07,1.57031
,,4.96E-07,1.00158,4.96E-07,1.00183,4.96E-07,1.0531,4.96E-07,1.12712,4.96E-07,1.54795,4.96E-07,1.47857,4.96E-07,1.57071
,,4.97E-07,1.00157,4.97E-07,1.0017,4.97E-07,1.05428,4.97E-07,1.12153,4.97E-07,1.53634,4.97E-07,1.47455,4.97E-07,1.57111
,,4.98E-07,1.00157,4.98E-07,1.00158,4.98E-07,1.05428,4.98E-07,1.11623,4.98E-07,1.54643,4.98E-07,1.48315,4.98E-07,1.57158
,,4.99E-07,1.00156,4.99E-07,1.00148,4.99E-07,1.05371,4.99E-07,1.11121,4.99E-07,1.54574,4.99E-07,1.48881,4.99E-07,1.57182
,,5.00E-07,1.00155,5.00E-07,1.00138,5.00E-07,1.05288,5.00E-07,1.10623,5.00E-07,1.54393,5.00E-07,1.48738,5.00E-07,1.57213
,,5.01E-07,1.00155,5.01E-07,1.0013,5.01E-07,1.05156,5.01E-07,1.10162,5.01E-07,1.54321,5.01E-07,1.49614,5.01E-07,1.5724
,,5.02E-07,1.00154,5.02E-07,1.00122,5.02E-07,1.05007,5.02E-07,1.09708,5.02E-07,1.52744,5.02E-07,1.49445,5.02E-07,1.57266
,,5.03E-07,1.00153,5.03E-07,1.00114,5.03E-07,1.04813,5.03E-07,1.0928,5.03E-07,1.53833,5.03E-07,1.50082,5.03E-07,1.57285
,,5.04E-07,1.00152,5.04E-07,1.00108,5.04E-07,1.04634,5.04E-07,1.08862,5.04E-07,1.53625,5.04E-07,1.50468,5.04E-07,1.57297
,,5.05E-07,1.00152,5.05E-07,1.00101,5.05E-07,1.04459,5.05E-07,1.08459,5.05E-07,1.5311,5.05E-07,1.50203,5.05E-07,1.57308
,,5.06E-07,1.00151,5.06E-07,1.00096,5.06E-07,1.04251,5.06E-07,1.08076,5.06E-07,1.52445,5.06E-07,1.50738,5.06E-07,1.57315
,,5.07E-07,1.00151,5.07E-07,1.0009,5.07E-07,1.04124,5.07E-07,1.07698,5.07E-07,1.51511,5.07E-07,1.51496,5.07E-07,1.57313
,,5.08E-07,1.0015,5.08E-07,1.00085,5.08E-07,1.04051,5.08E-07,1.07346,5.08E-07,1.51705,5.08E-07,1.51766,5.08E-07,1.57322
,,5.09E-07,1.00149,5.09E-07,1.0008,5.09E-07,1.04067,5.09E-07,1.07005,5.09E-07,1.51343,5.09E-07,1.51939,5.09E-07,1.57301
,,5.10E-07,1.00149,5.10E-07,1.0007,5.10E-07,1.0415,5.10E-07,1.06671,5.10E-07,1.50759,5.10E-07,1.52161,5.10E-07,1.57301
,,5.11E-07,1.00148,5.11E-07,1.00142,5.11E-07,1.04272,5.11E-07,1.06359,5.11E-07,1.50567,5.11E-07,1.52468,5.11E-07,1.57284
,,5.12E-07,1.00147,5.12E-07,1.00172,5.12E-07,1.04417,5.12E-07,1.06048,5.12E-07,1.49968,5.12E-07,1.52838,5.12E-07,1.57255
,,5.13E-07,1.00147,5.13E-07,1.0018,5.13E-07,1.04586,5.13E-07,1.05754,5.13E-07,1.49291,5.13E-07,1.53092,5.13E-07,1.57246
,,5.14E-07,1.00146,5.14E-07,1.00182,5.14E-07,1.04751,5.14E-07,1.05471,5.14E-07,1.48212,5.14E-07,1.52691,5.14E-07,1.57223
,,5.15E-07,1.00145,5.15E-07,1.00182,5.15E-07,1.04907,5.15E-07,1.05198,5.15E-07,1.47666,5.15E-07,1.52844,5.15E-07,1.57173
,,5.16E-07,1.00145,5.16E-07,1.00181,5.16E-07,1.05043,5.16E-07,1.04937,5.16E-07,1.46835,5.16E-07,1.53768,5.16E-07,1.57142
,,5.17E-07,1.00144,5.17E-07,1.0018,5.17E-07,1.05153,5.17E-07,1.04681,5.17E-07,1.4574,5.17E-07,1.52978,5.17E-07,1.57116
,,5.18E-07,1.00144,5.18E-07,1.0018,5.18E-07,1.05232,5.18E-07,1.04442,5.18E-07,1.44746,5.18E-07,1.54062,5.18E-07,1.57087
,,5.19E-07,1.00143,5.19E-07,1.00179,5.19E-07,1.05274,5.19E-07,1.04203,5.19E-07,1.43543,5.19E-07,1.53129,5.19E-07,1.57025
,,5.20E-07,1.00142,5.20E-07,1.00178,5.20E-07,1.05283,5.20E-07,1.03982,5.20E-07,1.4216,5.20E-07,1.54533,5.20E-07,1.56967
,,5.21E-07,1.00142,5.21E-07,1.00177,5.21E-07,1.05264,5.21E-07,1.03761,5.21E-07,1.40577,5.21E-07,1.5446,5.21E-07,1.56906
,,5.22E-07,1.00141,5.22E-07,1.00177,5.22E-07,1.05202,5.22E-07,1.03551,5.22E-07,1.37811,5.22E-07,1.54096,5.22E-07,1.56842
,,5.23E-07,1.00141,5.23E-07,1.00176,5.23E-07,1.05103,5.23E-07,1.03348,5.23E-07,1.37897,5.23E-07,1.53881,5.23E-07,1.56783
,,5.24E-07,1.0014,5.24E-07,1.00175,5.24E-07,1.0497,5.24E-07,1.0324,5.24E-07,1.37937,5.24E-07,1.53917,5.24E-07,1.56718
,,5.25E-07,1.00139,5.25E-07,1.00174,5.25E-07,1.04815,5.25E-07,1.03323,5.25E-07,1.37928,5.25E-07,1.54228,5.25E-07,1.56647
,,5.26E-07,1.00139,5.26E-07,1.00174,5.26E-07,1.04632,5.26E-07,1.03402,5.26E-07,1.37866,5.26E-07,1.54805,5.26E-07,1.56572
,,5.27E-07,1.00138,5.27E-07,1.00173,5.27E-07,1.04433,5.27E-07,1.03478,5.27E-07,1.37749,5.27E-07,1.55383,5.27E-07,1.56492
,,5.28E-07,1.00138,5.28E-07,1.00172,5.28E-07,1.04217,5.28E-07,1.03552,5.28E-07,1.37574,5.28E-07,1.54742,5.28E-07,1.56406
,,5.29E-07,1.00137,5.29E-07,1.00172,5.29E-07,1.03979,5.29E-07,1.03622,5.29E-07,1.37338,5.29E-07,1.5518,5.29E-07,1.56321
,,5.30E-07,1.00137,5.30E-07,1.00171,5.30E-07,1.03736,5.30E-07,1.0369,5.30E-07,1.37038,5.30E-07,1.54713,5.30E-07,1.56233
,,5.31E-07,1.00136,5.31E-07,1.0017,5.31E-07,1.03485,5.31E-07,1.03754,5.31E-07,1.36671,5.31E-07,1.55576,5.31E-07,1.56155
,,5.32E-07,1.00135,5.32E-07,1.00169,5.32E-07,1.03225,5.32E-07,1.03816,5.32E-07,1.36233,5.32E-07,1.55322,5.32E-07,1.56067
,,5.33E-07,1.00135,5.33E-07,1.00169,5.33E-07,1.02968,5.33E-07,1.03875,5.33E-07,1.3572,5.33E-07,1.55088,5.33E-07,1.55975
,,5.34E-07,1.00134,5.34E-07,1.00168,5.34E-07,1.02719,5.34E-07,1.03931,5.34E-07,1.35127,5.34E-07,1.55167,5.34E-07,1.55834
,,5.35E-07,1.00134,5.35E-07,1.00167,5.35E-07,1.02474,5.35E-07,1.03985,5.35E-07,1.34446,5.35E-07,1.55431,5.35E-07,1.55725
,,5.36E-07,1.00133,5.36E-07,1.00167,5.36E-07,1.02237,5.36E-07,1.04036,5.36E-07,1.33665,5.36E-07,1.55005,5.36E-07,1.55636
,,5.37E-07,1.00133,5.37E-07,1.00166,5.37E-07,1.02012,5.37E-07,1.04085,5.37E-07,1.32754,5.37E-07,1.54798,5.37E-07,1.5553
,,5.38E-07,1.00132,5.38E-07,1.00165,5.38E-07,1.01795,5.38E-07,1.04132,5.38E-07,1.31621,5.38E-07,1.54576,5.38E-07,1.55371
,,5.39E-07,1.00132,5.39E-07,1.00165,5.39E-07,1.01601,5.39E-07,1.04175,5.39E-07,1.30506,5.39E-07,1.55028,5.39E-07,1.55275
,,5.40E-07,1.00131,5.40E-07,1.00164,5.40E-07,1.01416,5.40E-07,1.04217,5.40E-07,1.29446,5.40E-07,1.54904,5.40E-07,1.55146
,,5.41E-07,1.0013,5.41E-07,1.00163,5.41E-07,1.01253,5.41E-07,1.04257,5.41E-07,1.28424,5.41E-07,1.54632,5.41E-07,1.54995
,,5.42E-07,1.0013,5.42E-07,1.00163,5.42E-07,1.01106,5.42E-07,1.04295,5.42E-07,1.27441,5.42E-07,1.53478,5.42E-07,1.54901
,,5.43E-07,1.00129,5.43E-07,1.00162,5.43E-07,1.00979,5.43E-07,1.0433,5.43E-07,1.26489,5.43E-07,1.54271,5.43E-07,1.54716
,,5.44E-07,1.00129,5.44E-07,1.00161,5.44E-07,1.00869,5.44E-07,1.04364,5.44E-07,1.25569,5.44E-07,1.53503,5.44E-07,1.54621
,,5.45E-07,1.00128,5.45E-07,1.00161,5.45E-07,1.00781,5.45E-07,1.04395,5.45E-07,1.24684,5.45E-07,1.531,5.45E-07,1.54434
,,5.46E-07,1.00128,,,5.46E-07,1.00711,5.46E-07,1.04424,5.46E-07,1.2384,5.46E-07,1.53275,5.46E-07,1.54326
,,5.47E-07,1.00127,,,5.47E-07,1.00662,5.47E-07,1.04451,5.47E-07,1.23033,5.47E-07,1.52824,5.47E-07,1.54146
,,5.48E-07,1.00127,,,5.48E-07,1.00635,5.48E-07,1.04476,5.48E-07,1.22249,5.48E-07,1.52758,5.48E-07,1.5398
,,5.49E-07,1.00126,,,5.49E-07,1.00627,5.49E-07,1.04499,5.49E-07,1.21475,5.49E-07,1.52354,5.49E-07,1.53862
,,5.50E-07,1.00126,,,5.50E-07,1.00637,5.50E-07,1.04519,5.50E-07,1.20756,5.50E-07,1.51294,5.50E-07,1.53666
,,5.51E-07,1.00125,,,5.51E-07,1.00657,5.51E-07,1.04536,5.51E-07,1.20045,5.51E-07,1.51344,5.51E-07,1.53493
,,5.52E-07,1.00125,,,5.52E-07,1.00671,5.52E-07,1.0455,5.52E-07,1.19354,5.52E-07,1.50605,5.52E-07,1.53359
,,5.53E-07,1.00124,,,5.53E-07,1.00676,5.53E-07,1.04558,5.53E-07,1.18707,5.53E-07,1.50495,5.53E-07,1.53196
,,5.54E-07,1.00124,,,5.54E-07,1.00671,5.54E-07,1.04557,5.54E-07,1.18073,5.54E-07,1.49865,5.54E-07,1.53007
,,5.55E-07,1.00123,,,5.55E-07,1.00658,5.55E-07,1.04585,5.55E-07,1.17453,5.55E-07,1.49336,5.55E-07,1.5281
,,5.56E-07,1.00123,,,5.56E-07,1.0064,5.56E-07,1.04819,5.56E-07,1.16869,5.56E-07,1.48519,5.56E-07,1.5262
,,5.57E-07,1.00122,,,5.57E-07,1.00616,5.57E-07,1.0498,5.57E-07,1.16286,5.57E-07,1.47732,5.57E-07,1.52437
,,5.58E-07,1.00122,,,5.58E-07,1.00589,5.58E-07,1.05007,5.58E-07,1.15732,5.58E-07,1.47157,5.58E-07,1.5225
,,5.59E-07,1.00121,,,5.59E-07,1.00559,5.59E-07,1.05018,5.59E-07,1.15207,5.59E-07,1.4644,5.59E-07,1.52061
,,5.60E-07,1.00121,,,5.60E-07,1.00527,5.60E-07,1.04987,5.60E-07,1.14678,5.60E-07,1.45507,5.60E-07,1.51867
,,5.61E-07,1.0012,,,5.61E-07,1.00495,5.61E-07,1.04939,5.61E-07,1.14183,5.61E-07,1.44587,5.61E-07,1.51674
,,5.62E-07,1.0012,,,5.62E-07,1.00463,5.62E-07,1.04855,5.62E-07,1.13695,5.62E-07,1.43533,5.62E-07,1.51486
,,5.63E-07,1.00119,,,5.63E-07,1.00431,5.63E-07,1.04766,5.63E-07,1.13227,5.63E-07,1.42383,5.63E-07,1.5131
,,5.64E-07,1.00119,,,5.64E-07,1.00401,5.64E-07,1.04642,5.64E-07,1.12773,5.64E-07,1.4109,5.64E-07,1.51111
,,5.65E-07,1.00119,,,5.65E-07,1.00371,5.65E-07,1.04496,5.65E-07,1.12337,5.65E-07,1.39503,5.65E-07,1.50871
,,5.66E-07,1.00118,,,5.66E-07,1.00344,5.66E-07,1.04375,5.66E-07,1.11915,5.66E-07,1.37927,5.66E-07,1.50647
,,5.67E-07,1.00118,,,5.67E-07,1.00318,5.67E-07,1.04208,5.67E-07,1.11502,5.67E-07,1.38007,5.67E-07,1.50478
,,5.68E-07,1.00117,,,5.68E-07,1.00295,5.68E-07,1.04078,5.68E-07,1.11103,5.68E-07,1.3805,5.68E-07,1.50244
,,5.69E-07,1.00117,,,5.69E-07,1.00272,5.69E-07,1.03937,5.69E-07,1.10724,5.69E-07,1.38055,5.69E-07,1.50011
,,5.70E-07,1.00116,,,5.70E-07,1.00253,5.70E-07,1.03859,5.70E-07,1.1035,5.70E-07,1.38019,5.70E-07,1.49822
,,5.71E-07,1.00116,,,5.71E-07,1.00235,5.71E-07,1.0382,5.71E-07,1.09989,5.71E-07,1.3794,5.71E-07,1.49855
,,5.72E-07,1.00115,,,5.72E-07,1.00219,5.72E-07,1.03821,5.72E-07,1.09636,5.72E-07,1.37817,5.72E-07,1.50215
,,5.73E-07,1.00115,,,5.73E-07,1.00204,5.73E-07,1.0388,5.73E-07,1.09294,5.73E-07,1.37648,5.73E-07,1.5052
,,5.74E-07,1.00114,,,5.74E-07,1.00191,5.74E-07,1.03973,5.74E-07,1.08967,5.74E-07,1.37429,5.74E-07,1.50528
,,5.75E-07,1.00114,,,5.75E-07,1.00178,5.75E-07,1.04079,5.75E-07,1.08647,5.75E-07,1.3716,5.75E-07,1.50517
,,5.76E-07,1.00114,,,5.76E-07,1.00168,5.76E-07,1.04218,5.76E-07,1.08338,5.76E-07,1.36838,5.76E-07,1.51062
,,5.77E-07,1.00113,,,5.77E-07,1.00158,5.77E-07,1.04365,5.77E-07,1.08039,5.77E-07,1.3646,5.77E-07,1.51465
,,5.78E-07,1.00113,,,5.78E-07,1.00149,5.78E-07,1.04515,5.78E-07,1.0775,5.78E-07,1.36023,5.78E-07,1.51044
,,5.79E-07,1.00112,,,5.79E-07,1.00141,5.79E-07,1.04661,5.79E-07,1.07463,5.79E-07,1.35524,5.79E-07,1.51741
,,5.80E-07,1.00112,,,5.80E-07,1.00133,5.80E-07,1.04796,5.80E-07,1.07193,5.80E-07,1.34957,5.80E-07,1.51994
,,5.81E-07,1.00111,,,5.81E-07,1.00127,5.81E-07,1.04915,5.81E-07,1.06926,5.81E-07,1.34315,5.81E-07,1.51981
,,5.82E-07,1.00111,,,5.82E-07,1.0012,5.82E-07,1.05014,5.82E-07,1.06669,5.82E-07,1.33584,5.82E-07,1.525
,,5.83E-07,1.00111,,,5.83E-07,1.00114,5.83E-07,1.05094,5.83E-07,1.06419,5.83E-07,1.32705,5.83E-07,1.52383
,,5.84E-07,1.0011,,,5.84E-07,1.00109,5.84E-07,1.0515,5.84E-07,1.06181,5.84E-07,1.31706,5.84E-07,1.52798
,,5.85E-07,1.0011,,,5.85E-07,1.00104,5.85E-07,1.05183,5.85E-07,1.05943,5.85E-07,1.30754,5.85E-07,1.52982
,,5.86E-07,1.00109,,,5.86E-07,1.00099,5.86E-07,1.05195,5.86E-07,1.0572,5.86E-07,1.29818,5.86E-07,1.52621
,,5.87E-07,1.00109,,,5.87E-07,1.00094,5.87E-07,1.05183,5.87E-07,1.05497,5.87E-07,1.28926,5.87E-07,1.53478
,,5.88E-07,1.00108,,,5.88E-07,1.0009,5.88E-07,1.05144,5.88E-07,1.05281,5.88E-07,1.28039,5.88E-07,1.53577
,,5.89E-07,1.00108,,,5.89E-07,1.00086,5.89E-07,1.05076,5.89E-07,1.05076,5.89E-07,1.27213,5.89E-07,1.53399
,,5.90E-07,1.00108,,,5.90E-07,1.00082,5.90E-07,1.04988,5.90E-07,1.04874,5.90E-07,1.26394,5.90E-07,1.53225
,,5.91E-07,1.00107,,,5.91E-07,1.00078,5.91E-07,1.04879,5.91E-07,1.04677,5.91E-07,1.25601,5.91E-07,1.53935
,,5.92E-07,1.00107,,,5.92E-07,1.00075,5.92E-07,1.04756,5.92E-07,1.04491,5.92E-07,1.24853,5.92E-07,1.54301
,,5.93E-07,1.00106,,,5.93E-07,1.00042,5.93E-07,1.04615,5.93E-07,1.04303,5.93E-07,1.24111,5.93E-07,1.5452
,,5.94E-07,1.00106,,,5.94E-07,1.00132,5.94E-07,1.04459,5.94E-07,1.04126,5.94E-07,1.23397,5.94E-07,1.54672
,,5.95E-07,1.00106,,,5.95E-07,1.00157,5.95E-07,1.04294,5.95E-07,1.03952,5.95E-07,1.22709,5.95E-07,1.54799
,,5.96E-07,1.00105,,,5.96E-07,1.00166,5.96E-07,1.04113,5.96E-07,1.03784,5.96E-07,1.22026,5.96E-07,1.54843
,,5.97E-07,1.00105,,,5.97E-07,1.00169,5.97E-07,1.03926,5.97E-07,1.0362,5.97E-07,1.21377,5.97E-07,1.54631
,,5.98E-07,1.00105,,,5.98E-07,1.00169,5.98E-07,1.03727,5.98E-07,1.03461,5.98E-07,1.20747,5.98E-07,1.54452
,,5.99E-07,1.00104,,,5.99E-07,1.00169,5.99E-07,1.0352,5.99E-07,1.03307,5.99E-07,1.20141,5.99E-07,1.55005
,,6.00E-07,1.00104,,,6.00E-07,1.00169,6.00E-07,1.03311,6.00E-07,1.03157,6.00E-07,1.19546,6.00E-07,1.55456
,,6.01E-07,1.00103,,,6.01E-07,1.00168,6.01E-07,1.03104,6.01E-07,1.03012,6.01E-07,1.18981,6.01E-07,1.55023
,,6.02E-07,1.00103,,,6.02E-07,1.00168,6.02E-07,1.02897,6.02E-07,1.02998,6.02E-07,1.18423,6.02E-07,1.55317
,,6.03E-07,1.00103,,,6.03E-07,1.00167,6.03E-07,1.02696,6.03E-07,1.03057,6.03E-07,1.17876,6.03E-07,1.55689
,,6.04E-07,1.00102,,,6.04E-07,1.00167,6.04E-07,1.02492,6.04E-07,1.03115,6.04E-07,1.17358,6.04E-07,1.55407
,,6.05E-07,1.00102,,,6.05E-07,1.00166,6.05E-07,1.02298,6.05E-07,1.0317,6.05E-07,1.16849,6.05E-07,1.55759
,,6.06E-07,1.00102,,,6.06E-07,1.00165,6.06E-07,1.02111,6.06E-07,1.03224,6.06E-07,1.16355,6.06E-07,1.55873
,,6.07E-07,1.00101,,,6.07E-07,1.00165,6.07E-07,1.0193,6.07E-07,1.03276,6.07E-07,1.15878,6.07E-07,1.55284
,,6.08E-07,1.00101,,,6.08E-07,1.00164,6.08E-07,1.01754,6.08E-07,1.03326,6.08E-07,1.15412,6.08E-07,1.55894
,,6.09E-07,1.001,,,6.09E-07,1.00164,6.09E-07,1.01591,6.09E-07,1.03374,6.09E-07,1.14959,6.09E-07,1.56218
,,6.10E-07,1.001,,,6.10E-07,1.00163,6.10E-07,1.01441,6.10E-07,1.03421,6.10E-07,1.14516,6.10E-07,1.56198
,,6.11E-07,1.001,,,6.11E-07,1.00162,6.11E-07,1.01298,6.11E-07,1.03465,6.11E-07,1.14089,6.11E-07,1.56132
,,6.12E-07,1.00099,,,6.12E-07,1.00162,6.12E-07,1.01168,6.12E-07,1.03508,6.12E-07,1.13675,6.12E-07,1.56156
,,6.13E-07,1.00099,,,6.13E-07,1.00161,6.13E-07,1.01051,6.13E-07,1.0355,6.13E-07,1.13276,6.13E-07,1.56268
,,6.14E-07,1.00099,,,6.14E-07,1.00161,6.14E-07,1.00946,6.14E-07,1.0359,6.14E-07,1.12882,6.14E-07,1.56361
,,6.15E-07,1.00098,,,6.15E-07,1.0016,6.15E-07,1.00851,6.15E-07,1.03629,6.15E-07,1.12499,6.15E-07,1.5607
,,6.16E-07,1.00098,,,6.16E-07,1.00159,6.16E-07,1.00771,6.16E-07,1.03666,6.16E-07,1.12133,6.16E-07,1.55598
,,6.17E-07,1.00098,,,6.17E-07,1.00159,6.17E-07,1.00702,6.17E-07,1.03702,6.17E-07,1.11772,6.17E-07,1.56287
,,6.18E-07,1.00097,,,6.18E-07,1.00158,6.18E-07,1.00648,6.18E-07,1.03736,6.18E-07,1.11424,6.18E-07,1.55718
,,6.19E-07,1.00097,,,6.19E-07,1.00158,6.19E-07,1.00606,6.19E-07,1.03768,6.19E-07,1.11086,6.19E-07,1.56212
,,6.20E-07,1.00097,,,6.20E-07,1.00157,6.20E-07,1.00578,6.20E-07,1.03799,6.20E-07,1.10752,6.20E-07,1.55391
,,6.21E-07,1.00096,,,6.21E-07,1.00157,6.21E-07,1.00563,6.21E-07,1.03829,6.21E-07,1.10432,6.21E-07,1.55503
,,6.22E-07,1.00096,,,6.22E-07,1.00156,6.22E-07,1.0056,6.22E-07,1.03857,6.22E-07,1.10114,6.22E-07,1.56051
,,6.23E-07,1.00096,,,6.23E-07,1.00156,6.23E-07,1.00567,6.23E-07,1.03884,6.23E-07,1.09809,6.23E-07,1.55157
,,6.24E-07,1.00095,,,6.24E-07,1.00155,6.24E-07,1.00584,6.24E-07,1.0391,6.24E-07,1.09518,6.24E-07,1.55487
,,6.25E-07,1.00095,,,6.25E-07,1.00154,6.25E-07,1.00598,6.25E-07,1.03934,6.25E-07,1.09224,6.25E-07,1.55881
,,6.26E-07,1.00094,,,6.26E-07,1.00154,6.26E-07,1.00605,6.26E-07,1.03957,6.26E-07,1.08942,6.26E-07,1.55478
,,6.27E-07,1.00094,,,6.27E-07,1.00153,6.27E-07,1.00607,6.27E-07,1.03978,6.27E-07,1.08675,6.27E-07,1.55524
,,6.28E-07,1.00094,,,6.28E-07,1.00153,6.28E-07,1.00603,6.28E-07,1.03997,6.28E-07,1.08408,6.28E-07,1.55552
,,6.29E-07,1.00094,,,6.29E-07,1.00152,6.29E-07,1.00594,6.29E-07,1.04015,6.29E-07,1.0815,6.29E-07,1.54659
,,6.30E-07,1.00093,,,6.30E-07,1.00152,6.30E-07,1.00581,6.30E-07,1.0403,6.30E-07,1.07894,6.30E-07,1.54471
,,6.31E-07,1.00093,,,6.31E-07,1.00151,6.31E-07,1.00566,6.31E-07,1.04043,6.31E-07,1.07649,6.31E-07,1.54897
,,6.32E-07,1.00093,,,6.32E-07,1.00151,6.32E-07,1.00547,6.32E-07,1.04053,6.32E-07,1.0741,6.32E-07,1.54858
,,6.33E-07,1.00092,,,6.33E-07,1.0015,6.33E-07,1.00527,6.33E-07,1.04057,6.33E-07,1.07178,6.33E-07,1.54273
,,6.34E-07,1.00092,,,6.34E-07,1.0015,6.34E-07,1.00505,6.34E-07,1.04046,6.34E-07,1.06949,6.34E-07,1.53871
,,6.35E-07,1.00092,,,6.35E-07,1.00149,6.35E-07,1.00482,6.35E-07,1.04175,6.35E-07,1.06733,6.35E-07,1.54298
,,6.36E-07,1.00091,,,6.36E-07,1.00149,6.36E-07,1.00458,6.36E-07,1.04296,6.36E-07,1.06514,6.36E-07,1.53919
,,6.37E-07,1.00091,,,6.37E-07,1.00148,6.37E-07,1.00435,6.37E-07,1.04444,6.37E-07,1.06308,6.37E-07,1.53944
,,6.38E-07,1.00091,,,6.38E-07,1.00148,6.38E-07,1.00411,6.38E-07,1.04508,6.38E-07,1.06105,6.38E-07,1.53374
,,6.39E-07,1.0009,,,6.39E-07,1.00147,6.39E-07,1.00389,6.39E-07,1.04517,6.39E-07,1.05905,6.39E-07,1.5304
,,6.40E-07,1.0009,,,6.40E-07,1.00147,6.40E-07,1.00366,6.40E-07,1.04518,6.40E-07,1.05712,6.40E-07,1.53048
,,6.41E-07,1.0009,,,6.41E-07,1.00146,6.41E-07,1.00344,6.41E-07,1.04499,6.41E-07,1.05523,6.41E-07,1.52881
,,6.42E-07,1.00089,,,6.42E-07,1.00146,6.42E-07,1.00324,6.42E-07,1.04465,6.42E-07,1.05339,6.42E-07,1.52317
,,6.43E-07,1.00089,,,6.43E-07,1.00145,6.43E-07,1.00304,6.43E-07,1.04414,6.43E-07,1.05162,6.43E-07,1.5176
,,6.44E-07,1.00089,,,6.44E-07,1.00145,6.44E-07,1.00286,6.44E-07,1.04342,6.44E-07,1.04984,6.44E-07,1.51413
,,6.45E-07,1.00088,,,6.45E-07,1.00144,6.45E-07,1.00269,6.45E-07,1.04267,6.45E-07,1.04817,6.45E-07,1.51492
,,6.46E-07,1.00088,,,6.46E-07,1.00144,6.46E-07,1.00253,6.46E-07,1.04173,6.46E-07,1.04652,6.46E-07,1.51019
,,6.47E-07,1.00088,,,6.47E-07,1.00143,6.47E-07,1.00237,6.47E-07,1.04067,6.47E-07,1.04489,6.47E-07,1.5081
,,6.48E-07,1.00088,,,6.48E-07,1.00143,6.48E-07,1.00224,6.48E-07,1.03968,6.48E-07,1.04332,6.48E-07,1.50247
,,6.49E-07,1.00087,,,6.49E-07,1.00142,6.49E-07,1.00211,6.49E-07,1.03862,6.49E-07,1.04181,6.49E-07,1.50127
,,6.50E-07,1.00087,,,6.50E-07,1.00142,6.50E-07,1.00199,6.50E-07,1.03752,6.50E-07,1.04029,6.50E-07,1.49639
,,6.51E-07,1.00087,,,6.51E-07,1.00141,6.51E-07,1.00188,6.51E-07,1.03647,6.51E-07,1.03885,6.51E-07,1.49245
,,6.52E-07,1.00086,,,6.52E-07,1.00141,6.52E-07,1.00178,6.52E-07,1.03563,6.52E-07,1.03742,6.52E-07,1.48842
,,6.53E-07,1.00086,,,6.53E-07,1.0014,6.53E-07,1.00169,6.53E-07,1.03496,6.53E-07,1.03604,6.53E-07,1.48443
,,6.54E-07,1.00086,,,6.54E-07,1.0014,6.54E-07,1.0016,6.54E-07,1.0348,6.54E-07,1.03468,6.54E-07,1.47895
,,6.55E-07,1.00085,,,6.55E-07,1.00139,6.55E-07,1.00153,6.55E-07,1.03492,6.55E-07,1.0334,6.55E-07,1.4752
,,6.56E-07,1.00085,,,6.56E-07,1.00139,6.56E-07,1.00145,6.56E-07,1.03536,6.56E-07,1.0321,6.56E-07,1.46816
,,6.57E-07,1.00085,,,6.57E-07,1.00138,6.57E-07,1.00139,6.57E-07,1.0359,6.57E-07,1.03086,6.57E-07,1.46192
,,6.58E-07,1.00085,,,6.58E-07,1.00138,6.58E-07,1.00133,6.58E-07,1.03684,6.58E-07,1.02964,6.58E-07,1.45799
,,6.59E-07,1.00084,,,6.59E-07,1.00137,6.59E-07,1.00127,6.59E-07,1.03789,6.59E-07,1.02845,6.59E-07,1.45417
,,6.60E-07,1.00084,,,6.60E-07,1.00137,6.60E-07,1.00121,6.60E-07,1.03916,6.60E-07,1.02791,6.60E-07,1.4471
,,6.61E-07,1.00084,,,6.61E-07,1.00136,6.61E-07,1.00116,6.61E-07,1.04046,6.61E-07,1.02839,6.61E-07,1.43995
,,6.62E-07,1.00083,,,6.62E-07,1.00136,6.62E-07,1.00111,6.62E-07,1.0417,6.62E-07,1.02886,6.62E-07,1.43112
,,6.63E-07,1.00083,,,6.63E-07,1.00136,6.63E-07,1.00107,6.63E-07,1.0431,6.63E-07,1.02932,6.63E-07,1.42191
,,6.64E-07,1.00083,,,6.64E-07,1.00135,6.64E-07,1.00103,6.64E-07,1.04432,6.64E-07,1.02976,6.64E-07,1.4107
,,6.65E-07,1.00083,,,6.65E-07,1.00135,6.65E-07,1.00099,6.65E-07,1.04552,6.65E-07,1.03019,6.65E-07,1.39886
,,6.66E-07,1.00082,,,6.66E-07,1.00134,6.66E-07,1.00095,6.66E-07,1.04664,6.66E-07,1.03061,6.66E-07,1.3857
,,6.67E-07,1.00082,,,6.67E-07,1.00134,6.67E-07,1.00091,6.67E-07,1.04762,6.67E-07,1.031,6.67E-07,1.38653
,,6.68E-07,1.00082,,,6.68E-07,1.00133,6.68E-07,1.00088,6.68E-07,1.04849,6.68E-07,1.03139,6.68E-07,1.38709
,,6.69E-07,1.00082,,,6.69E-07,1.00133,6.69E-07,1.00084,6.69E-07,1.0492,6.69E-07,1.03177,6.69E-07,1.38748
,,6.70E-07,1.00081,,,6.70E-07,1.00132,6.70E-07,1.00081,6.70E-07,1.04979,6.70E-07,1.03214,6.70E-07,1.38765
,,6.71E-07,1.00081,,,6.71E-07,1.00132,6.71E-07,1.00078,6.71E-07,1.05021,6.71E-07,1.03249,6.71E-07,1.38757
,,6.72E-07,1.00081,,,6.72E-07,1.00132,6.72E-07,1.00075,6.72E-07,1.05048,6.72E-07,1.03283,6.72E-07,1.38724
,,6.73E-07,1.0008,,,6.73E-07,1.00131,6.73E-07,1.00073,6.73E-07,1.05062,6.73E-07,1.03315,6.73E-07,1.38665
,,6.74E-07,1.0008,,,6.74E-07,1.00131,6.74E-07,1.0007,6.74E-07,1.0506,6.74E-07,1.03347,6.74E-07,1.38579
,,6.75E-07,1.0008,,,6.75E-07,1.0013,6.75E-07,1.00043,6.75E-07,1.05041,6.75E-07,1.03377,6.75E-07,1.38465
,,6.76E-07,1.0008,,,6.76E-07,1.0013,6.76E-07,1.0011,6.76E-07,1.05003,6.76E-07,1.03407,6.76E-07,1.38321
,,6.77E-07,1.00079,,,6.77E-07,1.00129,6.77E-07,1.00137,6.77E-07,1.04951,6.77E-07,1.03436,6.77E-07,1.38148
,,6.78E-07,1.00079,,,6.78E-07,1.00129,6.78E-07,1.00149,6.78E-07,1.04886,6.78E-07,1.03463,6.78E-07,1.37943
,,6.79E-07,1.00079,,,6.79E-07,1.00128,6.79E-07,1.00154,6.79E-07,1.04806,6.79E-07,1.03489,6.79E-07,1.37705
,,6.80E-07,1.00079,,,6.80E-07,1.00128,6.80E-07,1.00155,6.80E-07,1.04718,6.80E-07,1.03514,6.80E-07,1.37434
,,6.81E-07,1.00078,,,6.81E-07,1.00128,6.81E-07,1.00156,6.81E-07,1.04616,6.81E-07,1.03538,6.81E-07,1.37129
,,6.82E-07,1.00078,,,6.82E-07,1.00127,6.82E-07,1.00156,6.82E-07,1.04508,6.82E-07,1.03561,6.82E-07,1.36786
,,6.83E-07,1.00078,,,6.83E-07,1.00127,6.83E-07,1.00156,6.83E-07,1.04389,6.83E-07,1.03583,6.83E-07,1.36406
,,6.84E-07,1.00078,,,6.84E-07,1.00126,6.84E-07,1.00155,6.84E-07,1.04259,6.84E-07,1.03603,6.84E-07,1.35984
,,6.85E-07,1.00077,,,6.85E-07,1.00126,6.85E-07,1.00155,6.85E-07,1.04124,6.85E-07,1.03623,6.85E-07,1.35519
,,6.86E-07,1.00077,,,6.86E-07,1.00125,6.86E-07,1.00155,6.86E-07,1.03983,6.86E-07,1.03641,6.86E-07,1.35006
,,6.87E-07,1.00077,,,6.87E-07,1.00125,6.87E-07,1.00154,6.87E-07,1.03835,6.87E-07,1.03658,6.87E-07,1.34438
,,6.88E-07,1.00077,,,6.88E-07,1.00125,6.88E-07,1.00154,6.88E-07,1.03683,6.88E-07,1.03674,6.88E-07,1.33796
,,6.89E-07,1.00076,,,6.89E-07,1.00124,6.89E-07,1.00153,6.89E-07,1.03525,6.89E-07,1.03688,6.89E-07,1.32962
,,6.90E-07,1.00076,,,6.90E-07,1.00124,6.90E-07,1.00153,6.90E-07,1.03363,6.90E-07,1.03701,6.90E-07,1.32201
,,6.91E-07,1.00076,,,6.91E-07,1.00123,6.91E-07,1.00152,6.91E-07,1.03199,6.91E-07,1.03711,6.91E-07,1.31459
,,6.92E-07,1.00076,,,6.92E-07,1.00123,6.92E-07,1.00151,6.92E-07,1.03035,6.92E-07,1.03718,6.92E-07,1.30789
,,6.93E-07,1.00075,,,6.93E-07,1.00123,6.93E-07,1.00151,6.93E-07,1.02876,6.93E-07,1.03719,6.93E-07,1.30065
,,6.94E-07,1.00075,,,6.94E-07,1.00122,6.94E-07,1.0015,6.94E-07,1.02713,6.94E-07,1.03705,6.94E-07,1.29344
,,6.95E-07,1.00075,,,6.95E-07,1.00122,6.95E-07,1.0015,6.95E-07,1.02558,6.95E-07,1.03825,6.95E-07,1.28691
,,6.96E-07,1.00074,,,6.96E-07,1.00121,,,,,6.96E-07,1.03988,6.96E-07,1.28054
,,6.97E-07,1.00074,,,6.97E-07,1.00121,,,,,6.97E-07,1.04054,6.97E-07,1.27414
,,6.98E-07,1.00074,,,6.98E-07,1.00121,,,,,6.98E-07,1.04146,6.98E-07,1.26762
,,6.99E-07,1.00074,,,6.99E-07,1.0012,,,,,6.99E-07,1.04165,6.99E-07,1.26203
,,7.00E-07,1.00074,,,7.00E-07,1.0012,,,,,7.00E-07,1.04176,7.00E-07,1.25597
,,7.01E-07,1.00073,,,7.01E-07,1.00119,,,,,7.01E-07,1.04181,7.01E-07,1.2499
,,7.02E-07,1.00073,,,7.02E-07,1.00119,,,,,7.02E-07,1.04166,7.02E-07,1.2447
,,7.03E-07,1.00073,,,7.03E-07,1.00119,,,,,7.03E-07,1.04139,7.03E-07,1.23908
,,7.04E-07,1.00073,,,7.04E-07,1.00118,,,,,7.04E-07,1.04102,7.04E-07,1.23361
,,7.05E-07,1.00072,,,7.05E-07,1.00118,,,,,7.05E-07,1.04046,7.05E-07,1.22839
,,7.06E-07,1.00072,,,7.06E-07,1.00117,,,,,7.06E-07,1.03989,7.06E-07,1.22317
,,7.07E-07,1.00072,,,7.07E-07,1.00117,,,,,7.07E-07,1.03918,7.07E-07,1.21845
,,7.08E-07,1.00072,,,7.08E-07,1.00117,,,,,7.08E-07,1.0384,7.08E-07,1.21345
,,7.09E-07,1.00071,,,7.09E-07,1.00116,,,,,7.09E-07,1.03766,7.09E-07,1.20871
,,7.10E-07,1.00071,,,7.10E-07,1.00116,,,,,7.10E-07,1.03665,7.10E-07,1.20431
,,7.11E-07,1.00071,,,7.11E-07,1.00115,,,,,7.11E-07,1.03582,7.11E-07,1.19973
,,7.12E-07,1.00071,,,7.12E-07,1.00115,,,,,7.12E-07,1.03496,7.12E-07,1.19518
,,7.13E-07,1.0007,,,7.13E-07,1.00115,,,,,7.13E-07,1.03423,7.13E-07,1.19108
,,7.14E-07,1.0007,,,7.14E-07,1.00114,,,,,7.14E-07,1.03351,7.14E-07,1.18683
,,7.15E-07,1.0007,,,7.15E-07,1.00114,,,,,7.15E-07,1.03299,7.15E-07,1.18278
,,7.16E-07,1.0007,,,7.16E-07,1.00113,,,,,7.16E-07,1.03274,7.16E-07,1.17865
,,7.17E-07,1.00069,,,7.17E-07,1.00113,,,,,7.17E-07,1.03274,7.17E-07,1.17471
,,7.18E-07,1.00069,,,7.18E-07,1.00113,,,,,7.18E-07,1.033,7.18E-07,1.17076
,,7.19E-07,1.00069,,,7.19E-07,1.00112,,,,,7.19E-07,1.03348,7.19E-07,1.167
,,7.20E-07,1.00069,,,7.20E-07,1.00112,,,,,7.20E-07,1.03415,7.20E-07,1.16351
,,7.21E-07,1.00068,,,7.21E-07,1.00111,,,,,7.21E-07,1.03498,7.21E-07,1.15973
,,7.22E-07,1.00068,,,7.22E-07,1.00111,,,,,7.22E-07,1.03594,7.22E-07,1.15613
,,7.23E-07,1.00068,,,7.23E-07,1.00111,,,,,7.23E-07,1.03701,7.23E-07,1.15286
,,7.24E-07,1.00068,,,7.24E-07,1.0011,,,,,7.24E-07,1.03815,7.24E-07,1.14958
,,7.25E-07,1.00068,,,7.25E-07,1.0011,,,,,7.25E-07,1.03931,7.25E-07,1.1462
,,7.26E-07,1.00067,,,7.26E-07,1.0011,,,,,7.26E-07,1.04054,7.26E-07,1.14306
,,7.27E-07,1.00067,,,7.27E-07,1.00109,,,,,7.27E-07,1.04173,7.27E-07,1.13968
,,7.28E-07,1.00067,,,7.28E-07,1.00109,,,,,7.28E-07,1.04287,7.28E-07,1.13683
,,7.29E-07,1.00067,,,7.29E-07,1.00108,,,,,7.29E-07,1.04399,7.29E-07,1.13372
,,7.30E-07,1.00066,,,7.30E-07,1.00108,,,,,7.30E-07,1.045,7.30E-07,1.1306
,,7.31E-07,1.00066,,,7.31E-07,1.00108,,,,,7.31E-07,1.04598,7.31E-07,1.12791
,,7.32E-07,1.00066,,,7.32E-07,1.00107,,,,,7.32E-07,1.04691,7.32E-07,1.12502
,,7.33E-07,1.00066,,,7.33E-07,1.00107,,,,,7.33E-07,1.04766,7.33E-07,1.12232
,,7.34E-07,1.00065,,,7.34E-07,1.00107,,,,,7.34E-07,1.04825,7.34E-07,1.11961
,,7.35E-07,1.00065,,,7.35E-07,1.00106,,,,,7.35E-07,1.04876,7.35E-07,1.11681
,,7.36E-07,1.00065,,,7.36E-07,1.00106,,,,,7.36E-07,1.04919,7.36E-07,1.11435
,,7.37E-07,1.00065,,,7.37E-07,1.00105,,,,,7.37E-07,1.04949,7.37E-07,1.11168
,,7.38E-07,1.00065,,,7.38E-07,1.00105,,,,,7.38E-07,1.04969,7.38E-07,1.1092
,,7.39E-07,1.00064,,,7.39E-07,1.00105,,,,,7.39E-07,1.04978,7.39E-07,1.10677
,,7.40E-07,1.00064,,,7.40E-07,1.00104,,,,,7.40E-07,1.04973,7.40E-07,1.10456
,,7.41E-07,1.00064,,,7.41E-07,1.00104,,,,,7.41E-07,1.04956,7.41E-07,1.10211
,,7.42E-07,1.00064,,,7.42E-07,1.00104,,,,,7.42E-07,1.04926,7.42E-07,1.09983
,,7.43E-07,1.00063,,,7.43E-07,1.00103,,,,,7.43E-07,1.04884,7.43E-07,1.09753
,,7.44E-07,1.00063,,,7.44E-07,1.00103,,,,,7.44E-07,1.04833,7.44E-07,1.09534
,,7.45E-07,1.00063,,,7.45E-07,1.00102,,,,,7.45E-07,1.04773,7.45E-07,1.09319
,,,,,,7.46E-07,1.00102,,,,,7.46E-07,1.04704,7.46E-07,1.09109
,,,,,,7.47E-07,1.00102,,,,,7.47E-07,1.04626,7.47E-07,1.08914
,,,,,,7.48E-07,1.00101,,,,,7.48E-07,1.04542,7.48E-07,1.08704
,,,,,,7.49E-07,1.00101,,,,,7.49E-07,1.04449,7.49E-07,1.08507
,,,,,,7.50E-07,1.00101,,,,,7.50E-07,1.04348,7.50E-07,1.08308
,,,,,,7.51E-07,1.001,,,,,7.51E-07,1.04243,7.51E-07,1.08133
,,,,,,7.52E-07,1.001,,,,,7.52E-07,1.04131,7.52E-07,1.07947
,,,,,,7.53E-07,1.001,,,,,7.53E-07,1.04013,7.53E-07,1.0776
,,,,,,7.54E-07,1.00099,,,,,7.54E-07,1.03892,7.54E-07,1.07573
,,,,,,7.55E-07,1.00099,,,,,7.55E-07,1.03763,7.55E-07,1.0741
,,,,,,7.56E-07,1.00098,,,,,7.56E-07,1.03633,7.56E-07,1.07238
,,,,,,7.57E-07,1.00098,,,,,7.57E-07,1.03499,7.57E-07,1.07066
,,,,,,7.58E-07,1.00098,,,,,7.58E-07,1.03366,7.58E-07,1.06898
,,,,,,7.59E-07,1.00097,,,,,7.59E-07,1.03226,7.59E-07,1.06736
,,,,,,7.60E-07,1.00097,,,,,7.60E-07,1.03091,7.60E-07,1.06586
,,,,,,7.61E-07,1.00097,,,,,7.61E-07,1.02954,7.61E-07,1.06424
,,,,,,7.62E-07,1.00096,,,,,7.62E-07,1.02817,7.62E-07,1.06283
,,,,,,7.63E-07,1.00096,,,,,7.63E-07,1.0268,7.63E-07,1.06134
,,,,,,7.64E-07,1.00096,,,,,7.64E-07,1.02546,7.64E-07,1.05987
,,,,,,7.65E-07,1.00095,,,,,7.65E-07,1.02414,7.65E-07,1.05844
,,,,,,7.66E-07,1.00095,,,,,7.66E-07,1.02281,7.66E-07,1.05693
,,,,,,7.67E-07,1.00094,,,,,7.67E-07,1.02153,7.67E-07,1.05568
,,,,,,7.68E-07,1.00094,,,,,7.68E-07,1.02029,7.68E-07,1.0543
,,,,,,7.69E-07,1.00094,,,,,7.69E-07,1.01907,7.69E-07,1.05294
,,,,,,7.70E-07,1.00093,,,,,7.70E-07,1.0179,7.70E-07,1.05162
,,,,,,7.71E-07,1.00093,,,,,7.71E-07,1.01677,7.71E-07,1.05045
,,,,,,7.72E-07,1.00093,,,,,7.72E-07,1.0157,7.72E-07,1.0492
,,,,,,7.73E-07,1.00092,,,,,7.73E-07,1.01463,7.73E-07,1.04797
,,,,,,7.74E-07,1.00092,,,,,7.74E-07,1.01363,7.74E-07,1.04675
,,,,,,7.75E-07,1.00092,,,,,7.75E-07,1.01268,7.75E-07,1.04557
,,,,,,7.76E-07,1.00091,,,,,7.76E-07,1.01175,7.76E-07,1.04443
,,,,,,7.77E-07,1.00091,,,,,7.77E-07,1.01091,7.77E-07,1.04327
,,,,,,7.78E-07,1.00091,,,,,7.78E-07,1.01008,7.78E-07,1.04217
,,,,,,7.79E-07,1.0009,,,,,7.79E-07,1.00934,7.79E-07,1.04106
,,,,,,7.80E-07,1.0009,,,,,7.80E-07,1.00862,7.80E-07,1.04006
,,,,,,7.81E-07,1.00089,,,,,7.81E-07,1.00797,7.81E-07,1.03901
,,,,,,7.82E-07,1.00089,,,,,7.82E-07,1.00737,7.82E-07,1.03797
,,,,,,7.83E-07,1.00089,,,,,7.83E-07,1.00682,7.83E-07,1.03704
,,,,,,7.84E-07,1.00088,,,,,7.84E-07,1.00632,7.84E-07,1.03599
,,,,,,7.85E-07,1.00088,,,,,7.85E-07,1.00586,7.85E-07,1.03509
,,,,,,7.86E-07,1.00088,,,,,7.86E-07,1.00547,7.86E-07,1.0341
,,,,,,7.87E-07,1.00087,,,,,7.87E-07,1.00513,7.87E-07,1.03323
,,,,,,7.88E-07,1.00087,,,,,7.88E-07,1.00484,7.88E-07,1.03228
,,,,,,7.89E-07,1.00087,,,,,7.89E-07,1.0046,7.89E-07,1.03139
,,,,,,7.90E-07,1.00086,,,,,7.90E-07,1.00442,7.90E-07,1.03052
,,,,,,7.91E-07,1.00086,,,,,7.91E-07,1.00429,7.91E-07,1.02967
,,,,,,7.92E-07,1.00086,,,,,7.92E-07,1.00422,7.92E-07,1.02889
,,,,,,7.93E-07,1.00085,,,,,7.93E-07,1.00418,7.93E-07,1.02803
,,,,,,7.94E-07,1.00085,,,,,7.94E-07,1.00418,7.94E-07,1.02726
,,,,,,7.95E-07,1.00085,,,,,7.95E-07,1.00422,7.95E-07,1.02647
,,,,,,7.96E-07,1.00084,,,,,7.96E-07,1.0043,7.96E-07,1.0257
,,,,,,7.97E-07,1.00084,,,,,7.97E-07,1.0044,7.97E-07,1.02492
,,,,,,7.98E-07,1.00083,,,,,7.98E-07,1.00448,7.98E-07,1.02416
,,,,,,7.99E-07,1.00083,,,,,7.99E-07,1.00454,7.99E-07,1.02343
,,,,,,8.00E-07,1.00083,,,,,8.00E-07,1.00458,8.00E-07,1.02271
,,,,,,8.01E-07,1.00082,,,,,8.01E-07,1.00459,8.01E-07,1.02205
,,,,,,8.02E-07,1.00082,,,,,8.02E-07,1.00458,8.02E-07,1.02223
,,,,,,8.03E-07,1.00082,,,,,8.03E-07,1.00455,8.03E-07,1.02248
,,,,,,8.04E-07,1.00081,,,,,8.04E-07,1.00451,8.04E-07,1.0227
,,,,,,8.05E-07,1.00081,,,,,8.05E-07,1.00445,8.05E-07,1.02293
,,,,,,8.06E-07,1.00081,,,,,8.06E-07,1.00438,8.06E-07,1.02315
,,,,,,8.07E-07,1.0008,,,,,8.07E-07,1.00431,8.07E-07,1.02336
,,,,,,8.08E-07,1.0008,,,,,8.08E-07,1.00422,8.08E-07,1.02356
,,,,,,8.09E-07,1.0008,,,,,8.09E-07,1.00412,8.09E-07,1.02376
,,,,,,8.10E-07,1.00079,,,,,8.10E-07,1.00402,8.10E-07,1.02394
,,,,,,8.11E-07,1.00079,,,,,8.11E-07,1.00391,8.11E-07,1.02413
,,,,,,8.12E-07,1.00079,,,,,8.12E-07,1.0038,8.12E-07,1.02431
,,,,,,8.13E-07,1.00078,,,,,8.13E-07,1.00368,8.13E-07,1.02448
,,,,,,8.14E-07,1.00078,,,,,8.14E-07,1.00356,8.14E-07,1.02466
,,,,,,8.15E-07,1.00078,,,,,8.15E-07,1.00344,8.15E-07,1.0248
,,,,,,8.16E-07,1.00077,,,,,8.16E-07,1.00333,8.16E-07,1.02496
,,,,,,8.17E-07,1.00077,,,,,8.17E-07,1.00321,8.17E-07,1.0251
,,,,,,8.18E-07,1.00077,,,,,8.18E-07,1.00309,8.18E-07,1.02525
,,,,,,8.19E-07,1.00076,,,,,8.19E-07,1.00298,8.19E-07,1.02539
,,,,,,8.20E-07,1.00076,,,,,8.20E-07,1.00287,8.20E-07,1.02551
,,,,,,8.21E-07,1.00076,,,,,8.21E-07,1.00276,8.21E-07,1.02563
,,,,,,8.22E-07,1.00075,,,,,8.22E-07,1.00265,8.22E-07,1.02575
,,,,,,8.23E-07,1.00075,,,,,8.23E-07,1.00255,8.23E-07,1.02586
,,,,,,8.24E-07,1.00074,,,,,8.24E-07,1.00245,8.24E-07,1.02597
,,,,,,8.25E-07,1.00074,,,,,8.25E-07,1.00235,8.25E-07,1.02606
,,,,,,8.26E-07,1.00074,,,,,8.26E-07,1.00226,8.26E-07,1.02616
,,,,,,8.27E-07,1.00073,,,,,8.27E-07,1.00217,8.27E-07,1.02624
,,,,,,8.28E-07,1.00073,,,,,8.28E-07,1.00208,8.28E-07,1.02631
,,,,,,8.29E-07,1.00073,,,,,8.29E-07,1.002,8.29E-07,1.02638
,,,,,,8.30E-07,1.00072,,,,,8.30E-07,1.00193,8.30E-07,1.02644
,,,,,,8.31E-07,1.00072,,,,,8.31E-07,1.00185,8.31E-07,1.0265
,,,,,,8.32E-07,1.00072,,,,,8.32E-07,1.00178,8.32E-07,1.02654
,,,,,,8.33E-07,1.00071,,,,,8.33E-07,1.00171,8.33E-07,1.02657
,,,,,,8.34E-07,1.00071,,,,,8.34E-07,1.00165,8.34E-07,1.02659
,,,,,,8.35E-07,1.00071,,,,,8.35E-07,1.00159,8.35E-07,1.02659
,,,,,,8.36E-07,1.0007,,,,,8.36E-07,1.00153,8.36E-07,1.02655
,,,,,,8.37E-07,1.0007,,,,,8.37E-07,1.00148,8.37E-07,1.02647
,,,,,,8.38E-07,1.0007,,,,,8.38E-07,1.00143,8.38E-07,1.02618
,,,,,,8.39E-07,1.00069,,,,,8.39E-07,1.00138,8.39E-07,1.02745
,,,,,,8.40E-07,1.00069,,,,,8.40E-07,1.00133,8.40E-07,1.02868
,,,,,,8.41E-07,1.00069,,,,,8.41E-07,1.00129,8.41E-07,1.02959
,,,,,,8.42E-07,1.00069,,,,,8.42E-07,1.00125,8.42E-07,1.03068
,,,,,,8.43E-07,1.00068,,,,,8.43E-07,1.00121,8.43E-07,1.03099
,,,,,,8.44E-07,1.00068,,,,,8.44E-07,1.00117,8.44E-07,1.03154
,,,,,,8.45E-07,1.00068,,,,,8.45E-07,1.00113,8.45E-07,1.03204
,,,,,,,,,,,,8.46E-07,1.0011,8.46E-07,1.03208
,,,,,,,,,,,,8.47E-07,1.00106,8.47E-07,1.0321
,,,,,,,,,,,,8.48E-07,1.00103,8.48E-07,1.03218
,,,,,,,,,,,,8.49E-07,1.001,8.49E-07,1.03216
,,,,,,,,,,,,8.50E-07,1.00097,8.50E-07,1.03201
,,,,,,,,,,,,8.51E-07,1.00094,8.51E-07,1.03188
,,,,,,,,,,,,8.52E-07,1.00091,8.52E-07,1.03165
,,,,,,,,,,,,8.53E-07,1.00089,8.53E-07,1.03138
,,,,,,,,,,,,8.54E-07,1.00086,8.54E-07,1.03104
,,,,,,,,,,,,8.55E-07,1.00084,8.55E-07,1.03072
,,,,,,,,,,,,8.56E-07,1.00082,8.56E-07,1.0304
,,,,,,,,,,,,8.57E-07,1.00079,8.57E-07,1.03006
,,,,,,,,,,,,8.58E-07,1.00077,8.58E-07,1.03025
,,,,,,,,,,,,8.59E-07,1.00075,8.59E-07,1.02987
,,,,,,,,,,,,8.60E-07,1.00073,8.60E-07,1.02951
,,,,,,,,,,,,8.61E-07,1.00071,8.61E-07,1.02876
,,,,,,,,,,,,8.62E-07,1.00069,8.62E-07,1.02772
,,,,,,,,,,,,8.63E-07,1.00067,8.63E-07,1.02746
,,,,,,,,,,,,8.64E-07,1.00065,8.64E-07,1.02735
,,,,,,,,,,,,8.65E-07,1.00064,8.65E-07,1.02734
,,,,,,,,,,,,8.66E-07,1.00062,8.66E-07,1.02752
,,,,,,,,,,,,8.67E-07,1.0006,8.67E-07,1.02782
,,,,,,,,,,,,8.68E-07,1.00059,8.68E-07,1.02851
,,,,,,,,,,,,8.69E-07,1.00057,8.69E-07,1.02921
,,,,,,,,,,,,8.70E-07,1.00056,8.70E-07,1.02984
,,,,,,,,,,,,8.71E-07,1.00047,8.71E-07,1.03062
,,,,,,,,,,,,8.72E-07,1.00045,8.72E-07,1.03164
,,,,,,,,,,,,8.73E-07,1.00073,8.73E-07,1.03263
,,,,,,,,,,,,8.74E-07,1.00087,8.74E-07,1.03359
,,,,,,,,,,,,8.75E-07,1.00094,8.75E-07,1.03466
,,,,,,,,,,,,8.76E-07,1.00097,8.76E-07,1.03582
,,,,,,,,,,,,8.77E-07,1.00099,8.77E-07,1.03676
,,,,,,,,,,,,8.78E-07,1.001,8.78E-07,1.03787
,,,,,,,,,,,,8.79E-07,1.00101,8.79E-07,1.03896
,,,,,,,,,,,,8.80E-07,1.00101,8.80E-07,1.04005
,,,,,,,,,,,,8.81E-07,1.001,8.81E-07,1.04105
,,,,,,,,,,,,8.82E-07,1.001,8.82E-07,1.04213
,,,,,,,,,,,,8.83E-07,1.001,8.83E-07,1.04309
,,,,,,,,,,,,8.84E-07,1.00099,8.84E-07,1.04389
,,,,,,,,,,,,8.85E-07,1.00099,8.85E-07,1.04471
,,,,,,,,,,,,8.86E-07,1.00099,8.86E-07,1.04542
,,,,,,,,,,,,8.87E-07,1.00098,8.87E-07,1.04605
,,,,,,,,,,,,8.88E-07,1.00098,8.88E-07,1.0466
,,,,,,,,,,,,8.89E-07,1.00097,8.89E-07,1.04708
,,,,,,,,,,,,8.90E-07,1.00097,8.90E-07,1.04746
,,,,,,,,,,,,8.91E-07,1.00096,8.91E-07,1.04775
,,,,,,,,,,,,8.92E-07,1.00096,8.92E-07,1.04797
,,,,,,,,,,,,8.93E-07,1.00096,8.93E-07,1.04813
,,,,,,,,,,,,8.94E-07,1.00095,8.94E-07,1.04819
,,,,,,,,,,,,8.95E-07,1.00095,8.95E-07,1.04819
,,,,,,,,,,,,8.96E-07,1.00094,8.96E-07,1.04819
,,,,,,,,,,,,8.97E-07,1.00094,8.97E-07,1.04817
,,,,,,,,,,,,8.98E-07,1.00094,8.98E-07,1.04809
,,,,,,,,,,,,8.99E-07,1.00093,8.99E-07,1.04796
,,,,,,,,,,,,9.00E-07,1.00093,9.00E-07,1.04776
,,,,,,,,,,,,9.01E-07,1.00092,9.01E-07,1.04753
,,,,,,,,,,,,9.02E-07,1.00092,9.02E-07,1.04724
,,,,,,,,,,,,9.03E-07,1.00092,9.03E-07,1.04687
,,,,,,,,,,,,9.04E-07,1.00091,9.04E-07,1.04646
,,,,,,,,,,,,9.05E-07,1.00091,9.05E-07,1.04605
,,,,,,,,,,,,9.06E-07,1.00091,9.06E-07,1.04555
,,,,,,,,,,,,9.07E-07,1.0009,9.07E-07,1.045
,,,,,,,,,,,,9.08E-07,1.0009,9.08E-07,1.04441
,,,,,,,,,,,,9.09E-07,1.0009,9.09E-07,1.04377
,,,,,,,,,,,,9.10E-07,1.00089,9.10E-07,1.04316
,,,,,,,,,,,,9.11E-07,1.00089,9.11E-07,1.04246
,,,,,,,,,,,,9.12E-07,1.00089,9.12E-07,1.04171
,,,,,,,,,,,,9.13E-07,1.00088,9.13E-07,1.04091
,,,,,,,,,,,,9.14E-07,1.00088,9.14E-07,1.04015
,,,,,,,,,,,,9.15E-07,1.00088,9.15E-07,1.03932
,,,,,,,,,,,,9.16E-07,1.00088,9.16E-07,1.03845
,,,,,,,,,,,,9.17E-07,1.00087,9.17E-07,1.03764
,,,,,,,,,,,,9.18E-07,1.00087,9.18E-07,1.03673
,,,,,,,,,,,,9.19E-07,1.00087,9.19E-07,1.0358
,,,,,,,,,,,,9.20E-07,1.00087,9.20E-07,1.03493
,,,,,,,,,,,,9.21E-07,1.00086,9.21E-07,1.03397
,,,,,,,,,,,,9.22E-07,1.00086,9.22E-07,1.03305
,,,,,,,,,,,,9.23E-07,1.00086,9.23E-07,1.03207
,,,,,,,,,,,,9.24E-07,1.00086,9.24E-07,1.03107
,,,,,,,,,,,,9.25E-07,1.00085,9.25E-07,1.03018
,,,,,,,,,,,,9.26E-07,1.00085,9.26E-07,1.02919
,,,,,,,,,,,,9.27E-07,1.00085,9.27E-07,1.02818
,,,,,,,,,,,,9.28E-07,1.00085,9.28E-07,1.02722
,,,,,,,,,,,,9.29E-07,1.00085,9.29E-07,1.02634
,,,,,,,,,,,,9.30E-07,1.00085,9.30E-07,1.02537
,,,,,,,,,,,,9.31E-07,1.00084,9.31E-07,1.02443
,,,,,,,,,,,,9.32E-07,1.00084,9.32E-07,1.02355
,,,,,,,,,,,,9.33E-07,1.00084,9.33E-07,1.02263
,,,,,,,,,,,,9.34E-07,1.00084,9.34E-07,1.02171
,,,,,,,,,,,,9.35E-07,1.00084,9.35E-07,1.02082
,,,,,,,,,,,,9.36E-07,1.00084,9.36E-07,1.01992
,,,,,,,,,,,,9.37E-07,1.00084,9.37E-07,1.01907
,,,,,,,,,,,,9.38E-07,1.00084,9.38E-07,1.01828
,,,,,,,,,,,,9.39E-07,1.00084,9.39E-07,1.01744
,,,,,,,,,,,,9.40E-07,1.00084,9.40E-07,1.01661
,,,,,,,,,,,,9.41E-07,1.00084,9.41E-07,1.01589
,,,,,,,,,,,,9.42E-07,1.00084,9.42E-07,1.01513
,,,,,,,,,,,,9.43E-07,1.00084,9.43E-07,1.01439
,,,,,,,,,,,,9.44E-07,1.00084,9.44E-07,1.01366
,,,,,,,,,,,,9.45E-07,1.00084,9.45E-07,1.01297
,,,,,,,,,,,,9.46E-07,1.00084,9.46E-07,1.01231
,,,,,,,,,,,,9.47E-07,1.00084,9.47E-07,1.01163
,,,,,,,,,,,,9.48E-07,1.00084,9.48E-07,1.01107
,,,,,,,,,,,,9.49E-07,1.00084,9.49E-07,1.01046
,,,,,,,,,,,,9.50E-07,1.00084,9.50E-07,1.00987
,,,,,,,,,,,,9.51E-07,1.00084,9.51E-07,1.00931
,,,,,,,,,,,,9.52E-07,1.00084,9.52E-07,1.00878
,,,,,,,,,,,,9.53E-07,1.00084,9.53E-07,1.00831
,,,,,,,,,,,,9.54E-07,1.00084,9.54E-07,1.00781
,,,,,,,,,,,,9.55E-07,1.00084,9.55E-07,1.00734
,,,,,,,,,,,,9.56E-07,1.00085,9.56E-07,1.00689
,,,,,,,,,,,,9.57E-07,1.00085,9.57E-07,1.00651
,,,,,,,,,,,,9.58E-07,1.00085,9.58E-07,1.00611
,,,,,,,,,,,,9.59E-07,1.00085,9.59E-07,1.00573
,,,,,,,,,,,,9.60E-07,1.00085,9.60E-07,1.00536
,,,,,,,,,,,,9.61E-07,1.00085,9.61E-07,1.00502
,,,,,,,,,,,,9.62E-07,1.00086,9.62E-07,1.00472
,,,,,,,,,,,,9.63E-07,1.00086,9.63E-07,1.00442
,,,,,,,,,,,,9.64E-07,1.00086,9.64E-07,1.00414
,,,,,,,,,,,,9.65E-07,1.00087,9.65E-07,1.00388
,,,,,,,,,,,,9.66E-07,1.00087,9.66E-07,1.00363
,,,,,,,,,,,,9.67E-07,1.00087,9.67E-07,1.00341
,,,,,,,,,,,,9.68E-07,1.00087,9.68E-07,1.00321
,,,,,,,,,,,,9.69E-07,1.00088,9.69E-07,1.00302
,,,,,,,,,,,,9.70E-07,1.00088,9.70E-07,1.00284
,,,,,,,,,,,,9.71E-07,1.00089,9.71E-07,1.00268
,,,,,,,,,,,,9.72E-07,1.00089,9.72E-07,1.00257
,,,,,,,,,,,,9.73E-07,1.00089,9.73E-07,1.00248
,,,,,,,,,,,,9.74E-07,1.0009,9.74E-07,1.0024
,,,,,,,,,,,,9.75E-07,1.0009,9.75E-07,1.00232
,,,,,,,,,,,,9.76E-07,1.00091,9.76E-07,1.00225
,,,,,,,,,,,,9.77E-07,1.00091,9.77E-07,1.0022
,,,,,,,,,,,,9.78E-07,1.00092,9.78E-07,1.00217
,,,,,,,,,,,,9.79E-07,1.00092,9.79E-07,1.00215
,,,,,,,,,,,,9.80E-07,1.00093,9.80E-07,1.00214
,,,,,,,,,,,,9.81E-07,1.00093,9.81E-07,1.00213
,,,,,,,,,,,,9.82E-07,1.00094,9.82E-07,1.00214
,,,,,,,,,,,,9.83E-07,1.00095,9.83E-07,1.00215
,,,,,,,,,,,,9.84E-07,1.00095,9.84E-07,1.00216
,,,,,,,,,,,,9.85E-07,1.00096,9.85E-07,1.00218
,,,,,,,,,,,,9.86E-07,1.00096,9.86E-07,1.00219
,,,,,,,,,,,,9.87E-07,1.00097,9.87E-07,1.00221
,,,,,,,,,,,,9.88E-07,1.00098,9.88E-07,1.00222
,,,,,,,,,,,,9.89E-07,1.00099,9.89E-07,1.00223
,,,,,,,,,,,,9.90E-07,1.00099,9.90E-07,1.00223
,,,,,,,,,,,,9.91E-07,1.001,9.91E-07,1.00223
,,,,,,,,,,,,9.92E-07,1.00101,9.92E-07,1.00222
,,,,,,,,,,,,9.93E-07,1.00102,9.93E-07,1.0022
,,,,,,,,,,,,9.94E-07,1.00102,9.94E-07,1.00218
,,,,,,,,,,,,9.95E-07,1.00103,9.95E-07,1.00216
,,,,,,,,,,,,9.96E-07,1.00104,9.96E-07,1.00213
,,,,,,,,,,,,9.97E-07,1.00105,9.97E-07,1.0021
,,,,,,,,,,,,9.98E-07,1.00106,9.98E-07,1.00207
,,,,,,,,,,,,9.99E-07,1.00107,9.99E-07,1.00203
,,,,,,,,,,,,1.00E-06,1.00108,1.00E-06,1.00199
,,,,,,,,,,,,1.00E-06,1.00109,1.00E-06,1.00195
,,,,,,,,,,,,1.00E-06,1.0011,1.00E-06,1.00191
,,,,,,,,,,,,1.00E-06,1.00111,1.00E-06,1.00187
,,,,,,,,,,,,1.00E-06,1.00112,1.00E-06,1.00182
,,,,,,,,,,,,1.00E-06,1.00113,1.00E-06,1.00178
,,,,,,,,,,,,1.01E-06,1.00114,1.01E-06,1.00173
,,,,,,,,,,,,1.01E-06,1.00115,1.01E-06,1.00169
,,,,,,,,,,,,1.01E-06,1.00117,1.01E-06,1.00164
,,,,,,,,,,,,1.01E-06,1.00118,1.01E-06,1.00159
,,,,,,,,,,,,1.01E-06,1.00119,1.01E-06,1.00154
,,,,,,,,,,,,1.01E-06,1.0012,1.01E-06,1.0015
,,,,,,,,,,,,1.01E-06,1.00121,1.01E-06,1.00145
,,,,,,,,,,,,1.01E-06,1.00123,1.01E-06,1.00141
,,,,,,,,,,,,1.01E-06,1.00124,1.01E-06,1.00136
,,,,,,,,,,,,1.01E-06,1.00125,1.01E-06,1.00132
,,,,,,,,,,,,1.02E-06,1.00127,1.02E-06,1.00127
,,,,,,,,,,,,1.02E-06,1.00128,1.02E-06,1.00123
,,,,,,,,,,,,1.02E-06,1.0013,1.02E-06,1.00119
,,,,,,,,,,,,1.02E-06,1.00131,1.02E-06,1.00115
,,,,,,,,,,,,1.02E-06,1.00133,1.02E-06,1.00111
,,,,,,,,,,,,1.02E-06,1.00134,1.02E-06,1.00107
,,,,,,,,,,,,1.02E-06,1.00136,1.02E-06,1.00104
,,,,,,,,,,,,1.02E-06,1.00137,1.02E-06,1.001
,,,,,,,,,,,,1.02E-06,1.00139,1.02E-06,1.00097
,,,,,,,,,,,,1.02E-06,1.0014,1.02E-06,1.00093
,,,,,,,,,,,,1.03E-06,1.00142,1.03E-06,1.0009
,,,,,,,,,,,,1.03E-06,1.00144,1.03E-06,1.00087
,,,,,,,,,,,,1.03E-06,1.00145,1.03E-06,1.00084
,,,,,,,,,,,,1.03E-06,1.00147,1.03E-06,1.00081
,,,,,,,,,,,,1.03E-06,1.00149,1.03E-06,1.00078
,,,,,,,,,,,,1.03E-06,1.00151,1.03E-06,1.00075
,,,,,,,,,,,,1.03E-06,1.00153,1.03E-06,1.00073
,,,,,,,,,,,,1.03E-06,1.00154,1.03E-06,1.0007
,,,,,,,,,,,,1.03E-06,1.00156,1.03E-06,1.00068
,,,,,,,,,,,,1.03E-06,1.00158,1.03E-06,1.00065
,,,,,,,,,,,,1.04E-06,1.0016,,
,,,,,,,,,,,,1.04E-06,1.00162,,
,,,,,,,,,,,,1.04E-06,1.00164,,
,,,,,,,,,,,,1.04E-06,1.00166,,
,,,,,,,,,,,,1.04E-06,1.00168,,
,,,,,,,,,,,,1.04E-06,1.00171,,
,,,,,,,,,,,,1.04E-06,1.00173,,
,,,,,,,,,,,,1.04E-06,1.00175,,
,,,,,,,,,,,,1.04E-06,1.00177,,
,,,,,,,,,,,,1.04E-06,1.00179,,
